280417136, 156.000000, 0.500000, 0.100000, 
280423984, 156.000000, 0.500000, 0.100000, 
280430832, 156.000000, 0.500000, 0.100000, 
280437672, 156.000000, 0.500000, 0.100000, 
280444520, 156.000000, 0.500000, 0.100000, 
280451368, 156.000000, 0.500000, 0.100000, 
280458208, 156.000000, 0.500000, 0.100000, 
280465056, 156.000000, 0.500000, 0.100000, 
280471904, 156.000000, 0.500000, 0.100000, 
280478756, 156.000000, 0.500000, 0.100000, 
280485600, 156.000000, 0.500000, 0.100000, 
280492448, 156.000000, 0.500000, 0.100000, 
280499296, 156.000000, 0.500000, 0.100000, 
280506136, 156.000000, 0.500000, 0.100000, 
280512984, 156.000000, 0.500000, 0.100000, 
280519832, 156.000000, 0.500000, 0.100000, 
280526672, 156.000000, 0.500000, 0.100000, 
280533520, 156.000000, 0.500000, 0.100000, 
280540368, 156.000000, 0.500000, 0.100000, 
280547208, 156.000000, 0.500000, 0.100000, 
280554056, 156.000000, 0.500000, 0.100000, 
280560904, 156.000000, 0.500000, 0.100000, 
280567744, 156.000000, 0.500000, 0.100000, 
280574592, 156.000000, 0.500000, 0.100000, 
280581436, 155.000000, 0.500000, -0.020000, 
280588288, 156.000000, 0.500000, 0.100000, 
280595136, 156.000000, 0.500000, 0.100000, 
280601984, 156.000000, 0.500000, 0.100000, 
280608832, 156.000000, 0.500000, 0.100000, 
280615672, 156.000000, 0.500000, 0.100000, 
280622520, 156.000000, 0.500000, 0.100000, 
280629368, 156.000000, 0.500000, 0.100000, 
280636208, 156.000000, 0.500000, 0.100000, 
280643056, 156.000000, 0.500000, 0.100000, 
280649904, 156.000000, 0.500000, 0.100000, 
280656744, 156.000000, 0.500000, 0.100000, 
280663592, 156.000000, 0.500000, 0.100000, 
280670440, 156.000000, 0.500000, 0.100000, 
280677280, 156.000000, 0.500000, 0.100000, 
280684128, 156.000000, 0.500000, 0.100000, 
280690976, 156.000000, 0.500000, 0.100000, 
280697816, 156.000000, 0.500000, 0.100000, 
280704664, 156.000000, 0.500000, 0.100000, 
280711512, 156.000000, 0.500000, 0.100000, 
280718356, 156.000000, 0.500000, 0.100000, 
280725200, 156.000000, 0.500000, 0.100000, 
280732048, 156.000000, 0.500000, 0.100000, 
280738896, 156.000000, 0.500000, 0.100000, 
280745736, 156.000000, 0.500000, 0.100000, 
280752584, 156.000000, 0.500000, 0.100000, 
280759432, 156.000000, 0.500000, 0.100000, 
280766272, 156.000000, 0.500000, 0.100000, 
280773120, 156.000000, 0.500000, 0.100000, 
280779968, 156.000000, 0.500000, 0.100000, 
280786808, 156.000000, 0.500000, 0.100000, 
280793656, 156.000000, 0.500000, 0.100000, 
280800504, 156.000000, 0.500000, 0.100000, 
280807344, 156.000000, 0.500000, 0.100000, 
280814192, 156.000000, 0.500000, 0.100000, 
280821036, 155.000000, 0.500000, -0.020000, 
280827884, 155.000000, 0.500000, -0.020000, 
280834736, 156.000000, 0.500000, 0.100000, 
280841584, 156.000000, 0.500000, 0.100000, 
280848428, 156.000000, 0.500000, 0.100000, 
280855272, 156.000000, 0.500000, 0.100000, 
280862120, 156.000000, 0.500000, 0.100000, 
280868968, 156.000000, 0.500000, 0.100000, 
280875808, 156.000000, 0.500000, 0.100000, 
280882656, 156.000000, 0.500000, 0.100000, 
280889512, 156.000000, 0.500000, 0.100000, 
280896352, 156.000000, 0.500000, 0.100000, 
280903200, 156.000000, 0.500000, 0.100000, 
280910048, 156.000000, 0.500000, 0.100000, 
280916888, 156.000000, 0.500000, 0.100000, 
280923736, 156.000000, 0.500000, 0.100000, 
280930584, 156.000000, 0.500000, 0.100000, 
280937424, 156.000000, 0.500000, 0.100000, 
280944272, 156.000000, 0.500000, 0.100000, 
280951120, 156.000000, 0.500000, 0.100000, 
280957964, 156.000000, 0.500000, 0.100000, 
280964808, 156.000000, 0.500000, 0.100000, 
280971656, 156.000000, 0.500000, 0.100000, 
280978504, 156.000000, 0.500000, 0.100000, 
280985344, 156.000000, 0.500000, 0.100000, 
280992192, 156.000000, 0.500000, 0.100000, 
280999040, 156.000000, 0.500000, 0.100000, 
281005880, 156.000000, 0.500000, 0.100000, 
281012728, 156.000000, 0.500000, 0.100000, 
281019576, 156.000000, 0.500000, 0.100000, 
281026416, 156.000000, 0.500000, 0.100000, 
281033264, 156.000000, 0.500000, 0.100000, 
281040112, 156.000000, 0.500000, 0.100000, 
281046952, 156.000000, 0.500000, 0.100000, 
281053800, 156.000000, 0.500000, 0.100000, 
281060648, 156.000000, 0.500000, 0.100000, 
281067488, 156.000000, 0.500000, 0.100000, 
281074336, 156.000000, 0.500000, 0.100000, 
281081184, 156.000000, 0.500000, 0.100000, 
281088028, 156.000000, 0.500000, 0.100000, 
281094872, 156.000000, 0.500000, 0.100000, 
281101720, 156.000000, 0.500000, 0.100000, 
281108568, 156.000000, 0.500000, 0.100000, 
281115408, 156.000000, 0.500000, 0.100000, 
281122256, 156.000000, 0.500000, 0.100000, 
281129104, 156.000000, 0.500000, 0.100000, 
281135944, 156.000000, 0.500000, 0.100000, 
281142792, 156.000000, 0.500000, 0.100000, 
281149640, 156.000000, 0.500000, 0.100000, 
281156480, 156.000000, 0.500000, 0.100000, 
281163328, 157.000000, 0.500000, 0.230000, 
281170184, 156.000000, 0.500000, 0.100000, 
281177024, 156.000000, 0.500000, 0.100000, 
281183872, 156.000000, 0.500000, 0.100000, 
281190720, 156.000000, 0.500000, 0.100000, 
281197560, 156.000000, 0.500000, 0.100000, 
281204408, 156.000000, 0.500000, 0.100000, 
281211256, 156.000000, 0.500000, 0.100000, 
281218104, 156.000000, 0.500000, 0.100000, 
281224944, 156.000000, 0.500000, 0.100000, 
281231792, 156.000000, 0.500000, 0.100000, 
281238640, 156.000000, 0.500000, 0.100000, 
281245480, 156.000000, 0.500000, 0.100000, 
281252328, 156.000000, 0.500000, 0.100000, 
281259184, 156.000000, 0.500000, 0.100000, 
281266032, 156.000000, 0.500000, 0.100000, 
281272880, 156.000000, 0.500000, 0.100000, 
281279728, 156.000000, 0.500000, 0.100000, 
281286576, 156.000000, 0.500000, 0.100000, 
281293424, 156.000000, 0.500000, 0.100000, 
281300272, 156.000000, 0.500000, 0.100000, 
281307112, 156.000000, 0.500000, 0.100000, 
281313960, 156.000000, 0.500000, 0.100000, 
281320808, 156.000000, 0.500000, 0.100000, 
281327652, 156.000000, 0.500000, 0.100000, 
281334496, 156.000000, 0.500000, 0.100000, 
281341344, 156.000000, 0.500000, 0.100000, 
281348200, 156.000000, 0.500000, 0.100000, 
281355040, 156.000000, 0.500000, 0.100000, 
281361888, 157.000000, 0.500000, 0.230000, 
281368752, 156.000000, 0.500000, 0.100000, 
281375600, 156.000000, 0.500000, 0.100000, 
281382448, 157.000000, 0.500000, 0.230000, 
281389304, 156.000000, 0.500000, 0.100000, 
281396152, 156.000000, 0.500000, 0.100000, 
281403000, 156.000000, 0.500000, 0.100000, 
281409848, 156.000000, 0.500000, 0.100000, 
281416688, 156.000000, 0.500000, 0.100000, 
281423536, 156.000000, 0.500000, 0.100000, 
281430384, 157.000000, 0.500000, 0.230000, 
281437240, 156.000000, 0.500000, 0.100000, 
281444080, 156.000000, 0.500000, 0.100000, 
281450928, 156.000000, 0.500000, 0.100000, 
281457776, 156.000000, 0.500000, 0.100000, 
281464616, 156.000000, 0.500000, 0.100000, 
281471464, 157.000000, 0.500000, 0.230000, 
281478320, 157.000000, 0.500000, 0.230000, 
281485168, 157.000000, 0.500000, 0.230000, 
281492024, 156.000000, 0.500000, 0.100000, 
281498872, 156.000000, 0.500000, 0.100000, 
281505712, 156.000000, 0.500000, 0.100000, 
281512560, 157.000000, 0.500000, 0.230000, 
281519416, 157.000000, 0.500000, 0.230000, 
281526264, 156.000000, 0.500000, 0.100000, 
281533112, 156.000000, 0.500000, 0.100000, 
281539960, 156.000000, 0.500000, 0.100000, 
281546808, 157.000000, 0.500000, 0.230000, 
281553656, 157.000000, 0.500000, 0.230000, 
281560512, 157.000000, 0.500000, 0.230000, 
281567368, 157.000000, 0.500000, 0.230000, 
281574216, 157.000000, 0.500000, 0.230000, 
281581072, 157.000000, 0.500000, 0.230000, 
281587928, 157.000000, 0.500000, 0.230000, 
281594776, 157.000000, 0.500000, 0.230000, 
281601632, 157.000000, 0.500000, 0.230000, 
281608488, 157.000000, 0.500000, 0.230000, 
281615336, 157.000000, 0.500000, 0.230000, 
281622192, 157.000000, 0.500000, 0.230000, 
281629048, 157.000000, 0.500000, 0.230000, 
281635896, 157.000000, 0.500000, 0.230000, 
281642744, 156.000000, 0.500000, 0.100000, 
281649592, 157.000000, 0.500000, 0.230000, 
281656448, 157.000000, 0.500000, 0.230000, 
281663296, 157.000000, 0.500000, 0.230000, 
281670152, 157.000000, 0.500000, 0.230000, 
281677008, 157.000000, 0.500000, 0.230000, 
281683856, 157.000000, 0.500000, 0.230000, 
281690704, 157.000000, 0.500000, 0.230000, 
281697560, 157.000000, 0.500000, 0.230000, 
281704408, 157.000000, 0.500000, 0.230000, 
281711256, 157.000000, 0.500000, 0.230000, 
281718112, 157.000000, 0.500000, 0.230000, 
281724964, 157.000000, 0.500000, 0.230000, 
281731816, 157.000000, 0.500000, 0.230000, 
281738672, 157.000000, 0.500000, 0.230000, 
281745528, 157.000000, 0.500000, 0.230000, 
281752376, 157.000000, 0.500000, 0.230000, 
281759232, 157.000000, 0.500000, 0.230000, 
281766088, 157.000000, 0.500000, 0.230000, 
281772936, 157.000000, 0.500000, 0.230000, 
281779792, 157.000000, 0.500000, 0.230000, 
281786648, 157.000000, 0.500000, 0.230000, 
281793496, 157.000000, 0.500000, 0.230000, 
281800352, 157.000000, 0.500000, 0.230000, 
281807208, 157.000000, 0.500000, 0.230000, 
281814060, 157.000000, 0.500000, 0.230000, 
281820904, 157.000000, 0.500000, 0.230000, 
281827760, 157.000000, 0.500000, 0.230000, 
281834608, 157.000000, 0.500000, 0.230000, 
281841456, 157.000000, 0.500000, 0.230000, 
281848304, 157.000000, 0.500000, 0.230000, 
281855152, 157.000000, 0.500000, 0.230000, 
281862000, 157.000000, 0.500000, 0.230000, 
281868848, 157.000000, 0.500000, 0.230000, 
281875704, 157.000000, 0.500000, 0.230000, 
281882552, 157.000000, 0.500000, 0.230000, 
281889400, 157.000000, 0.500000, 0.230000, 
281896256, 157.000000, 0.500000, 0.230000, 
281903104, 157.000000, 0.500000, 0.230000, 
281909960, 157.000000, 0.500000, 0.230000, 
281916808, 157.000000, 0.500000, 0.230000, 
281923656, 157.000000, 0.500000, 0.230000, 
281930504, 158.000000, 0.500000, 0.350000, 
281937360, 157.000000, 0.500000, 0.230000, 
281944208, 157.000000, 0.500000, 0.230000, 
281951056, 157.000000, 0.500000, 0.230000, 
281957912, 157.000000, 0.500000, 0.230000, 
281964768, 157.000000, 0.500000, 0.230000, 
281971616, 157.000000, 0.500000, 0.230000, 
281978464, 157.000000, 0.500000, 0.230000, 
281985320, 158.000000, 0.500000, 0.350000, 
281992160, 158.000000, 0.500000, 0.350000, 
281999016, 158.000000, 0.500000, 0.350000, 
282005864, 157.000000, 0.500000, 0.230000, 
282012716, 158.000000, 0.500000, 0.350000, 
282019568, 157.000000, 0.500000, 0.230000, 
282026424, 158.000000, 0.500000, 0.350000, 
282033272, 158.000000, 0.500000, 0.350000, 
282040120, 157.000000, 0.500000, 0.230000, 
282046976, 158.000000, 0.500000, 0.350000, 
282053824, 158.000000, 0.500000, 0.350000, 
282060672, 158.000000, 0.500000, 0.350000, 
282067528, 158.000000, 0.500000, 0.350000, 
282074384, 157.000000, 0.500000, 0.230000, 
282081232, 157.000000, 0.500000, 0.230000, 
282088088, 157.000000, 0.500000, 0.230000, 
282094936, 158.000000, 0.500000, 0.350000, 
282101788, 158.000000, 0.500000, 0.350000, 
282108640, 158.000000, 0.500000, 0.350000, 
282115488, 157.000000, 0.500000, 0.230000, 
282122344, 158.000000, 0.500000, 0.350000, 
282129192, 158.000000, 0.500000, 0.350000, 
282136040, 158.000000, 0.500000, 0.350000, 
282142896, 157.000000, 0.500000, 0.230000, 
282149744, 158.000000, 0.500000, 0.350000, 
282156592, 158.000000, 0.500000, 0.350000, 
282163440, 157.000000, 0.500000, 0.230000, 
282170288, 158.000000, 0.500000, 0.350000, 
282177144, 157.000000, 0.500000, 0.230000, 
282184000, 157.000000, 0.500000, 0.230000, 
282190848, 158.000000, 0.500000, 0.350000, 
282197696, 158.000000, 0.500000, 0.350000, 
282204544, 158.000000, 0.500000, 0.350000, 
282211392, 158.000000, 0.500000, 0.350000, 
282218240, 157.000000, 0.500000, 0.230000, 
282225088, 158.000000, 0.500000, 0.350000, 
282231936, 158.000000, 0.500000, 0.350000, 
282238784, 158.000000, 0.500000, 0.350000, 
282245640, 158.000000, 0.500000, 0.350000, 
282252496, 157.000000, 0.500000, 0.230000, 
282259344, 158.000000, 0.500000, 0.350000, 
282266200, 158.000000, 0.500000, 0.350000, 
282273056, 158.000000, 0.500000, 0.350000, 
282279904, 158.000000, 0.500000, 0.350000, 
282286752, 158.000000, 0.500000, 0.350000, 
282293600, 158.000000, 0.500000, 0.350000, 
282300452, 158.000000, 0.500000, 0.350000, 
282307296, 158.000000, 0.500000, 0.350000, 
282314152, 158.000000, 0.500000, 0.350000, 
282321008, 158.000000, 0.500000, 0.350000, 
282327856, 158.000000, 0.500000, 0.350000, 
282334712, 158.000000, 0.500000, 0.350000, 
282341568, 158.000000, 0.500000, 0.350000, 
282348416, 158.000000, 0.500000, 0.350000, 
282355264, 158.000000, 0.500000, 0.350000, 
282362112, 158.000000, 0.500000, 0.350000, 
282368960, 158.000000, 0.500000, 0.350000, 
282375816, 158.000000, 0.500000, 0.350000, 
282382672, 158.000000, 0.500000, 0.350000, 
282389524, 158.000000, 0.500000, 0.350000, 
282396368, 159.000000, 0.500000, 0.470000, 
282403224, 158.000000, 0.500000, 0.350000, 
282410072, 158.000000, 0.500000, 0.350000, 
282416920, 158.000000, 0.500000, 0.350000, 
282423768, 158.000000, 0.500000, 0.350000, 
282430616, 158.000000, 0.500000, 0.350000, 
282437464, 158.000000, 0.500000, 0.350000, 
282444312, 158.000000, 0.500000, 0.350000, 
282451168, 158.000000, 0.500000, 0.350000, 
282458016, 158.000000, 0.500000, 0.350000, 
282464864, 158.000000, 0.500000, 0.350000, 
282471720, 158.000000, 0.500000, 0.350000, 
282478568, 158.000000, 0.500000, 0.350000, 
282485424, 159.000000, 0.500000, 0.470000, 
282492280, 158.000000, 0.500000, 0.350000, 
282499128, 158.000000, 0.500000, 0.350000, 
282505976, 158.000000, 0.500000, 0.350000, 
282512824, 158.000000, 0.500000, 0.350000, 
282519672, 159.000000, 0.500000, 0.470000, 
282526520, 158.000000, 0.500000, 0.350000, 
282533368, 158.000000, 0.500000, 0.350000, 
282540216, 158.000000, 0.500000, 0.350000, 
282547064, 158.000000, 0.500000, 0.350000, 
282553920, 159.000000, 0.500000, 0.470000, 
282560776, 159.000000, 0.500000, 0.470000, 
282567624, 158.000000, 0.500000, 0.350000, 
282574480, 158.000000, 0.500000, 0.350000, 
282581336, 159.000000, 0.500000, 0.470000, 
282588188, 158.000000, 0.500000, 0.350000, 
282595040, 158.000000, 0.500000, 0.350000, 
282601896, 159.000000, 0.500000, 0.470000, 
282608744, 159.000000, 0.500000, 0.470000, 
282615592, 158.000000, 0.500000, 0.350000, 
282622448, 159.000000, 0.500000, 0.470000, 
282629296, 158.000000, 0.500000, 0.350000, 
282636136, 159.000000, 0.500000, 0.470000, 
282642984, 159.000000, 0.500000, 0.470000, 
282649840, 159.000000, 0.500000, 0.470000, 
282656688, 158.000000, 0.500000, 0.350000, 
282663544, 158.000000, 0.500000, 0.350000, 
282670400, 159.000000, 0.500000, 0.470000, 
282677248, 159.000000, 0.500000, 0.470000, 
282684104, 158.000000, 0.500000, 0.350000, 
282690960, 158.000000, 0.500000, 0.350000, 
282697808, 158.000000, 0.500000, 0.350000, 
282704656, 159.000000, 0.500000, 0.470000, 
282711512, 159.000000, 0.500000, 0.470000, 
282718360, 159.000000, 0.500000, 0.470000, 
282725208, 158.000000, 0.500000, 0.350000, 
282732056, 159.000000, 0.500000, 0.470000, 
282738912, 159.000000, 0.500000, 0.470000, 
282745760, 159.000000, 0.500000, 0.470000, 
282752616, 159.000000, 0.500000, 0.470000, 
282759464, 159.000000, 0.500000, 0.470000, 
282766312, 159.000000, 0.500000, 0.470000, 
282773168, 159.000000, 0.500000, 0.470000, 
282780024, 159.000000, 0.500000, 0.470000, 
282786872, 159.000000, 0.500000, 0.470000, 
282793720, 159.000000, 0.500000, 0.470000, 
282800576, 159.000000, 0.500000, 0.470000, 
282807424, 158.000000, 0.500000, 0.350000, 
282814272, 159.000000, 0.500000, 0.470000, 
282821128, 159.000000, 0.500000, 0.470000, 
282827984, 159.000000, 0.500000, 0.470000, 
282834832, 159.000000, 0.500000, 0.470000, 
282841688, 159.000000, 0.500000, 0.470000, 
282848536, 159.000000, 0.500000, 0.470000, 
282855384, 159.000000, 0.500000, 0.470000, 
282862240, 159.000000, 0.500000, 0.470000, 
282869096, 159.000000, 0.500000, 0.470000, 
282875948, 159.000000, 0.500000, 0.470000, 
282882792, 159.000000, 0.500000, 0.470000, 
282889648, 159.000000, 0.500000, 0.470000, 
282896504, 159.000000, 0.500000, 0.470000, 
282903344, 159.000000, 0.500000, 0.470000, 
282910200, 159.000000, 0.500000, 0.470000, 
282917056, 159.000000, 0.500000, 0.470000, 
282923904, 159.000000, 0.500000, 0.470000, 
282930760, 159.000000, 0.500000, 0.470000, 
282937608, 159.000000, 0.500000, 0.470000, 
282944456, 159.000000, 0.500000, 0.470000, 
282951312, 159.000000, 0.500000, 0.470000, 
282958160, 159.000000, 0.500000, 0.470000, 
282965004, 159.000000, 0.500000, 0.470000, 
282971856, 159.000000, 0.500000, 0.470000, 
282978712, 159.000000, 0.500000, 0.470000, 
282985560, 159.000000, 0.500000, 0.470000, 
282992408, 159.000000, 0.500000, 0.470000, 
282999264, 159.000000, 0.500000, 0.470000, 
283006120, 159.000000, 0.500000, 0.470000, 
283012968, 159.000000, 0.500000, 0.470000, 
283019824, 159.000000, 0.500000, 0.470000, 
283026672, 159.000000, 0.500000, 0.470000, 
283033520, 159.000000, 0.500000, 0.470000, 
283040376, 159.000000, 0.500000, 0.470000, 
283047224, 159.000000, 0.500000, 0.470000, 
283054064, 159.000000, 0.500000, 0.470000, 
283060912, 159.000000, 0.500000, 0.470000, 
283067768, 159.000000, 0.500000, 0.470000, 
283074616, 159.000000, 0.500000, 0.470000, 
283081464, 159.000000, 0.500000, 0.470000, 
283088312, 159.000000, 0.500000, 0.470000, 
283095160, 160.000000, 0.510000, 0.590000, 
283102008, 159.000000, 0.500000, 0.470000, 
283108856, 159.000000, 0.500000, 0.470000, 
283115704, 159.000000, 0.500000, 0.470000, 
283122544, 159.000000, 0.500000, 0.470000, 
283129400, 159.000000, 0.500000, 0.470000, 
283136256, 159.000000, 0.500000, 0.470000, 
283143104, 160.000000, 0.510000, 0.590000, 
283149960, 159.000000, 0.500000, 0.470000, 
283156816, 159.000000, 0.500000, 0.470000, 
283163668, 159.000000, 0.500000, 0.470000, 
283170520, 160.000000, 0.510000, 0.590000, 
283177384, 160.000000, 0.510000, 0.590000, 
283184248, 160.000000, 0.510000, 0.590000, 
283191104, 159.000000, 0.500000, 0.470000, 
283197952, 160.000000, 0.510000, 0.590000, 
283204816, 160.000000, 0.510000, 0.590000, 
283211664, 160.000000, 0.510000, 0.590000, 
283218520, 159.000000, 0.500000, 0.470000, 
283225368, 159.000000, 0.500000, 0.470000, 
283232216, 160.000000, 0.510000, 0.590000, 
283239072, 160.000000, 0.510000, 0.590000, 
283245928, 159.000000, 0.500000, 0.470000, 
283252772, 159.000000, 0.500000, 0.470000, 
283259624, 160.000000, 0.510000, 0.590000, 
283266480, 159.000000, 0.500000, 0.470000, 
283273336, 159.000000, 0.500000, 0.470000, 
283280184, 159.000000, 0.500000, 0.470000, 
283287032, 160.000000, 0.510000, 0.590000, 
283293888, 159.000000, 0.500000, 0.470000, 
283300728, 160.000000, 0.510000, 0.590000, 
283307584, 159.000000, 0.500000, 0.470000, 
283314440, 160.000000, 0.510000, 0.590000, 
283321288, 160.000000, 0.510000, 0.590000, 
283328144, 160.000000, 0.510000, 0.590000, 
283335000, 160.000000, 0.510000, 0.590000, 
283341852, 160.000000, 0.510000, 0.590000, 
283348704, 159.000000, 0.500000, 0.470000, 
283355560, 160.000000, 0.510000, 0.590000, 
283362416, 160.000000, 0.510000, 0.590000, 
283369272, 160.000000, 0.510000, 0.590000, 
283376128, 160.000000, 0.510000, 0.590000, 
283382984, 160.000000, 0.510000, 0.590000, 
283389832, 160.000000, 0.510000, 0.590000, 
283396696, 160.000000, 0.510000, 0.590000, 
283403552, 160.000000, 0.510000, 0.590000, 
283410408, 160.000000, 0.510000, 0.590000, 
283417264, 160.000000, 0.510000, 0.590000, 
283424128, 160.000000, 0.510000, 0.590000, 
283430992, 160.000000, 0.510000, 0.590000, 
283437848, 160.000000, 0.510000, 0.590000, 
283444712, 160.000000, 0.510000, 0.590000, 
283451568, 160.000000, 0.510000, 0.590000, 
283458424, 160.000000, 0.510000, 0.590000, 
283465280, 160.000000, 0.510000, 0.590000, 
283472136, 160.000000, 0.510000, 0.590000, 
283478992, 160.000000, 0.510000, 0.590000, 
283485856, 160.000000, 0.510000, 0.590000, 
283492712, 160.000000, 0.510000, 0.590000, 
283499572, 160.000000, 0.510000, 0.590000, 
283506424, 160.000000, 0.510000, 0.590000, 
283513280, 160.000000, 0.510000, 0.590000, 
283520136, 160.000000, 0.510000, 0.590000, 
283526984, 160.000000, 0.510000, 0.590000, 
283533840, 160.000000, 0.510000, 0.590000, 
283540696, 160.000000, 0.510000, 0.590000, 
283547552, 160.000000, 0.510000, 0.590000, 
283554408, 160.000000, 0.510000, 0.590000, 
283561264, 160.000000, 0.510000, 0.590000, 
283568120, 160.000000, 0.510000, 0.590000, 
283574976, 160.000000, 0.510000, 0.590000, 
283581840, 160.000000, 0.510000, 0.590000, 
283588704, 160.000000, 0.510000, 0.590000, 
283595552, 160.000000, 0.510000, 0.590000, 
283602416, 160.000000, 0.510000, 0.590000, 
283609272, 160.000000, 0.510000, 0.590000, 
283616120, 160.000000, 0.510000, 0.590000, 
283622976, 160.000000, 0.510000, 0.590000, 
283629832, 160.000000, 0.510000, 0.590000, 
283636680, 160.000000, 0.510000, 0.590000, 
283643544, 160.000000, 0.510000, 0.590000, 
283650408, 160.000000, 0.510000, 0.590000, 
283657268, 160.000000, 0.510000, 0.590000, 
283664120, 160.000000, 0.510000, 0.590000, 
283670976, 160.000000, 0.510000, 0.590000, 
283677832, 160.000000, 0.510000, 0.590000, 
283684680, 160.000000, 0.510000, 0.590000, 
283691536, 160.000000, 0.510000, 0.590000, 
283698392, 160.000000, 0.510000, 0.590000, 
283705240, 160.000000, 0.510000, 0.590000, 
283712096, 160.000000, 0.510000, 0.590000, 
283718952, 160.000000, 0.510000, 0.590000, 
283725800, 160.000000, 0.510000, 0.590000, 
283732656, 160.000000, 0.510000, 0.590000, 
283739512, 161.000000, 0.510000, 0.710000, 
283746376, 160.000000, 0.510000, 0.590000, 
283753232, 160.000000, 0.510000, 0.590000, 
283760088, 160.000000, 0.510000, 0.590000, 
283766952, 160.000000, 0.510000, 0.590000, 
283773808, 160.000000, 0.510000, 0.590000, 
283780664, 160.000000, 0.510000, 0.590000, 
283787520, 160.000000, 0.510000, 0.590000, 
283794376, 160.000000, 0.510000, 0.590000, 
283801240, 160.000000, 0.510000, 0.590000, 
283808104, 160.000000, 0.510000, 0.590000, 
283814968, 160.000000, 0.510000, 0.590000, 
283821824, 160.000000, 0.510000, 0.590000, 
283828688, 160.000000, 0.510000, 0.590000, 
283835544, 161.000000, 0.510000, 0.710000, 
283842400, 160.000000, 0.510000, 0.590000, 
283849256, 160.000000, 0.510000, 0.590000, 
283856120, 161.000000, 0.510000, 0.710000, 
283862968, 160.000000, 0.510000, 0.590000, 
283869824, 160.000000, 0.510000, 0.590000, 
283876680, 160.000000, 0.510000, 0.590000, 
283883540, 160.000000, 0.510000, 0.590000, 
283890392, 160.000000, 0.510000, 0.590000, 
283897256, 161.000000, 0.510000, 0.710000, 
283904112, 161.000000, 0.510000, 0.710000, 
283910968, 160.000000, 0.510000, 0.590000, 
283917832, 160.000000, 0.510000, 0.590000, 
283924696, 160.000000, 0.510000, 0.590000, 
283931552, 160.000000, 0.510000, 0.590000, 
283938416, 161.000000, 0.510000, 0.710000, 
283945280, 160.000000, 0.510000, 0.590000, 
283952128, 160.000000, 0.510000, 0.590000, 
283958992, 160.000000, 0.510000, 0.590000, 
283965856, 161.000000, 0.510000, 0.710000, 
283972712, 160.000000, 0.510000, 0.590000, 
283979568, 161.000000, 0.510000, 0.710000, 
283986424, 161.000000, 0.510000, 0.710000, 
283993280, 161.000000, 0.510000, 0.710000, 
284000136, 160.000000, 0.510000, 0.590000, 
284006992, 160.000000, 0.510000, 0.590000, 
284013848, 161.000000, 0.510000, 0.710000, 
284020704, 161.000000, 0.510000, 0.710000, 
284027568, 161.000000, 0.510000, 0.710000, 
284034424, 160.000000, 0.510000, 0.590000, 
284041288, 161.000000, 0.510000, 0.710000, 
284048144, 161.000000, 0.510000, 0.710000, 
284055008, 161.000000, 0.510000, 0.710000, 
284061872, 161.000000, 0.510000, 0.710000, 
284068728, 161.000000, 0.510000, 0.710000, 
284075592, 161.000000, 0.510000, 0.710000, 
284082456, 161.000000, 0.510000, 0.710000, 
284089312, 161.000000, 0.510000, 0.710000, 
284096168, 161.000000, 0.510000, 0.710000, 
284103032, 161.000000, 0.510000, 0.710000, 
284109896, 160.000000, 0.510000, 0.590000, 
284116744, 161.000000, 0.510000, 0.710000, 
284123608, 160.000000, 0.510000, 0.590000, 
284130472, 161.000000, 0.510000, 0.710000, 
284137328, 161.000000, 0.510000, 0.710000, 
284144192, 161.000000, 0.510000, 0.710000, 
284151048, 160.000000, 0.510000, 0.590000, 
284157896, 161.000000, 0.510000, 0.710000, 
284164760, 161.000000, 0.510000, 0.710000, 
284171624, 161.000000, 0.510000, 0.710000, 
284178484, 161.000000, 0.510000, 0.710000, 
284185344, 161.000000, 0.510000, 0.710000, 
284192200, 161.000000, 0.510000, 0.710000, 
284199056, 161.000000, 0.510000, 0.710000, 
284205912, 161.000000, 0.510000, 0.710000, 
284212768, 161.000000, 0.510000, 0.710000, 
284219624, 161.000000, 0.510000, 0.710000, 
284226480, 161.000000, 0.510000, 0.710000, 
284233344, 161.000000, 0.510000, 0.710000, 
284240200, 161.000000, 0.510000, 0.710000, 
284247060, 161.000000, 0.510000, 0.710000, 
284253912, 161.000000, 0.510000, 0.710000, 
284260776, 161.000000, 0.510000, 0.710000, 
284267640, 161.000000, 0.510000, 0.710000, 
284274496, 161.000000, 0.510000, 0.710000, 
284281352, 161.000000, 0.510000, 0.710000, 
284288208, 161.000000, 0.510000, 0.710000, 
284295056, 161.000000, 0.510000, 0.710000, 
284301920, 161.000000, 0.510000, 0.710000, 
284308776, 161.000000, 0.510000, 0.710000, 
284315632, 161.000000, 0.510000, 0.710000, 
284322488, 161.000000, 0.510000, 0.710000, 
284329352, 161.000000, 0.510000, 0.710000, 
284336208, 161.000000, 0.510000, 0.710000, 
284343064, 161.000000, 0.510000, 0.710000, 
284349920, 161.000000, 0.510000, 0.710000, 
284356776, 161.000000, 0.510000, 0.710000, 
284363632, 161.000000, 0.510000, 0.710000, 
284370496, 161.000000, 0.510000, 0.710000, 
284377352, 161.000000, 0.510000, 0.710000, 
284384208, 161.000000, 0.510000, 0.710000, 
284391072, 161.000000, 0.510000, 0.710000, 
284397928, 161.000000, 0.510000, 0.710000, 
284404792, 161.000000, 0.510000, 0.710000, 
284411648, 161.000000, 0.510000, 0.710000, 
284418512, 161.000000, 0.510000, 0.710000, 
284425368, 161.000000, 0.510000, 0.710000, 
284432224, 161.000000, 0.510000, 0.710000, 
284439088, 161.000000, 0.510000, 0.710000, 
284445944, 161.000000, 0.510000, 0.710000, 
284452800, 161.000000, 0.510000, 0.710000, 
284459664, 161.000000, 0.510000, 0.710000, 
284466520, 161.000000, 0.510000, 0.710000, 
284473380, 161.000000, 0.510000, 0.710000, 
284480232, 161.000000, 0.510000, 0.710000, 
284487096, 161.000000, 0.510000, 0.710000, 
284493952, 161.000000, 0.510000, 0.710000, 
284500808, 161.000000, 0.510000, 0.710000, 
284507672, 161.000000, 0.510000, 0.710000, 
284514536, 161.000000, 0.510000, 0.710000, 
284521392, 161.000000, 0.510000, 0.710000, 
284528248, 161.000000, 0.510000, 0.710000, 
284535112, 161.000000, 0.510000, 0.710000, 
284541972, 161.000000, 0.510000, 0.710000, 
284548832, 161.000000, 0.510000, 0.710000, 
284555688, 161.000000, 0.510000, 0.710000, 
284562544, 161.000000, 0.510000, 0.710000, 
284569400, 161.000000, 0.510000, 0.710000, 
284576264, 161.000000, 0.510000, 0.710000, 
284583128, 161.000000, 0.510000, 0.710000, 
284589984, 162.000000, 0.510000, 0.840000, 
284596848, 161.000000, 0.510000, 0.710000, 
284603712, 161.000000, 0.510000, 0.710000, 
284610572, 161.000000, 0.510000, 0.710000, 
284617432, 161.000000, 0.510000, 0.710000, 
284624296, 162.000000, 0.510000, 0.840000, 
284631152, 162.000000, 0.510000, 0.840000, 
284638008, 161.000000, 0.510000, 0.710000, 
284644872, 161.000000, 0.510000, 0.710000, 
284651728, 162.000000, 0.510000, 0.840000, 
284658576, 161.000000, 0.510000, 0.710000, 
284665440, 162.000000, 0.510000, 0.840000, 
284672304, 161.000000, 0.510000, 0.710000, 
284679152, 162.000000, 0.510000, 0.840000, 
284686008, 161.000000, 0.510000, 0.710000, 
284692872, 161.000000, 0.510000, 0.710000, 
284699728, 161.000000, 0.510000, 0.710000, 
284706584, 162.000000, 0.510000, 0.840000, 
284713440, 161.000000, 0.510000, 0.710000, 
284720296, 161.000000, 0.510000, 0.710000, 
284727152, 161.000000, 0.510000, 0.710000, 
284734016, 161.000000, 0.510000, 0.710000, 
284740880, 162.000000, 0.510000, 0.840000, 
284747728, 162.000000, 0.510000, 0.840000, 
284754592, 161.000000, 0.510000, 0.710000, 
284761448, 161.000000, 0.510000, 0.710000, 
284768308, 161.000000, 0.510000, 0.710000, 
284775160, 161.000000, 0.510000, 0.710000, 
284782016, 162.000000, 0.510000, 0.840000, 
284788872, 162.000000, 0.510000, 0.840000, 
284795720, 161.000000, 0.510000, 0.710000, 
284802584, 161.000000, 0.510000, 0.710000, 
284809440, 162.000000, 0.510000, 0.840000, 
284816296, 161.000000, 0.510000, 0.710000, 
284823160, 162.000000, 0.510000, 0.840000, 
284830016, 162.000000, 0.510000, 0.840000, 
284836876, 162.000000, 0.510000, 0.840000, 
284843728, 162.000000, 0.510000, 0.840000, 
284850584, 162.000000, 0.510000, 0.840000, 
284857440, 162.000000, 0.510000, 0.840000, 
284864288, 162.000000, 0.510000, 0.840000, 
284871144, 162.000000, 0.510000, 0.840000, 
284878008, 161.000000, 0.510000, 0.710000, 
284884864, 162.000000, 0.510000, 0.840000, 
284891720, 162.000000, 0.510000, 0.840000, 
284898576, 162.000000, 0.510000, 0.840000, 
284905432, 162.000000, 0.510000, 0.840000, 
284912296, 162.000000, 0.510000, 0.840000, 
284919160, 162.000000, 0.510000, 0.840000, 
284926016, 162.000000, 0.510000, 0.840000, 
284932864, 162.000000, 0.510000, 0.840000, 
284939720, 162.000000, 0.510000, 0.840000, 
284946584, 162.000000, 0.510000, 0.840000, 
284953440, 161.000000, 0.510000, 0.710000, 
284960304, 162.000000, 0.510000, 0.840000, 
284967160, 162.000000, 0.510000, 0.840000, 
284974008, 162.000000, 0.510000, 0.840000, 
284980872, 162.000000, 0.510000, 0.840000, 
284987728, 161.000000, 0.510000, 0.710000, 
284994588, 162.000000, 0.510000, 0.840000, 
285001440, 162.000000, 0.510000, 0.840000, 
285008304, 162.000000, 0.510000, 0.840000, 
285015160, 162.000000, 0.510000, 0.840000, 
285022016, 162.000000, 0.510000, 0.840000, 
285028880, 162.000000, 0.510000, 0.840000, 
285035744, 162.000000, 0.510000, 0.840000, 
285042600, 162.000000, 0.510000, 0.840000, 
285049464, 162.000000, 0.510000, 0.840000, 
285056328, 162.000000, 0.510000, 0.840000, 
285063188, 162.000000, 0.510000, 0.840000, 
285070048, 162.000000, 0.510000, 0.840000, 
285076912, 162.000000, 0.510000, 0.840000, 
285083768, 162.000000, 0.510000, 0.840000, 
285090624, 162.000000, 0.510000, 0.840000, 
285097480, 162.000000, 0.510000, 0.840000, 
285104336, 162.000000, 0.510000, 0.840000, 
285111192, 162.000000, 0.510000, 0.840000, 
285118056, 162.000000, 0.510000, 0.840000, 
285124920, 162.000000, 0.510000, 0.840000, 
285131776, 162.000000, 0.510000, 0.840000, 
285138640, 162.000000, 0.510000, 0.840000, 
285145496, 162.000000, 0.510000, 0.840000, 
285152352, 162.000000, 0.510000, 0.840000, 
285159200, 162.000000, 0.510000, 0.840000, 
285166056, 162.000000, 0.510000, 0.840000, 
285172920, 162.000000, 0.510000, 0.840000, 
285179768, 162.000000, 0.510000, 0.840000, 
285186632, 162.000000, 0.510000, 0.840000, 
285193488, 162.000000, 0.510000, 0.840000, 
285200336, 162.000000, 0.510000, 0.840000, 
285207192, 162.000000, 0.510000, 0.840000, 
285214056, 162.000000, 0.510000, 0.840000, 
285220916, 162.000000, 0.510000, 0.840000, 
285227768, 162.000000, 0.510000, 0.840000, 
285234624, 162.000000, 0.510000, 0.840000, 
285241480, 162.000000, 0.510000, 0.840000, 
285248328, 162.000000, 0.510000, 0.840000, 
285255184, 163.000000, 0.510000, 0.960000, 
285262040, 162.000000, 0.510000, 0.840000, 
285268888, 162.000000, 0.510000, 0.840000, 
285275744, 162.000000, 0.510000, 0.840000, 
285282608, 162.000000, 0.510000, 0.840000, 
285289464, 162.000000, 0.510000, 0.840000, 
285296320, 162.000000, 0.510000, 0.840000, 
285303176, 162.000000, 0.510000, 0.840000, 
285310032, 162.000000, 0.510000, 0.840000, 
285316888, 162.000000, 0.510000, 0.840000, 
285323744, 162.000000, 0.510000, 0.840000, 
285330608, 162.000000, 0.510000, 0.840000, 
285337456, 162.000000, 0.510000, 0.840000, 
285344320, 162.000000, 0.510000, 0.840000, 
285351176, 162.000000, 0.510000, 0.840000, 
285358032, 163.000000, 0.510000, 0.960000, 
285364896, 162.000000, 0.510000, 0.840000, 
285371760, 162.000000, 0.510000, 0.840000, 
285378616, 162.000000, 0.510000, 0.840000, 
285385464, 162.000000, 0.510000, 0.840000, 
285392328, 162.000000, 0.510000, 0.840000, 
285399184, 162.000000, 0.510000, 0.840000, 
285406040, 162.000000, 0.510000, 0.840000, 
285412904, 162.000000, 0.510000, 0.840000, 
285419768, 162.000000, 0.510000, 0.840000, 
285426616, 162.000000, 0.510000, 0.840000, 
285433480, 162.000000, 0.510000, 0.840000, 
285440344, 162.000000, 0.510000, 0.840000, 
285447204, 162.000000, 0.510000, 0.840000, 
285454056, 162.000000, 0.510000, 0.840000, 
285460920, 162.000000, 0.510000, 0.840000, 
285467784, 162.000000, 0.510000, 0.840000, 
285474632, 162.000000, 0.510000, 0.840000, 
285481496, 162.000000, 0.510000, 0.840000, 
285488360, 162.000000, 0.510000, 0.840000, 
285495208, 162.000000, 0.510000, 0.840000, 
285502064, 162.000000, 0.510000, 0.840000, 
285508928, 162.000000, 0.510000, 0.840000, 
285515776, 162.000000, 0.510000, 0.840000, 
285522640, 163.000000, 0.510000, 0.960000, 
285529496, 162.000000, 0.510000, 0.840000, 
285536352, 162.000000, 0.510000, 0.840000, 
285543200, 163.000000, 0.510000, 0.960000, 
285550056, 163.000000, 0.510000, 0.960000, 
285556920, 162.000000, 0.510000, 0.840000, 
285563776, 162.000000, 0.510000, 0.840000, 
285570640, 162.000000, 0.510000, 0.840000, 
285577496, 162.000000, 0.510000, 0.840000, 
285584352, 162.000000, 0.510000, 0.840000, 
285591216, 162.000000, 0.510000, 0.840000, 
285598080, 162.000000, 0.510000, 0.840000, 
285604936, 162.000000, 0.510000, 0.840000, 
285611784, 162.000000, 0.510000, 0.840000, 
285618648, 162.000000, 0.510000, 0.840000, 
285625512, 162.000000, 0.510000, 0.840000, 
285632368, 163.000000, 0.510000, 0.960000, 
285639224, 162.000000, 0.510000, 0.840000, 
285646088, 162.000000, 0.510000, 0.840000, 
285652944, 162.000000, 0.510000, 0.840000, 
285659808, 162.000000, 0.510000, 0.840000, 
285666672, 163.000000, 0.510000, 0.960000, 
285673528, 162.000000, 0.510000, 0.840000, 
285680384, 163.000000, 0.510000, 0.960000, 
285687248, 163.000000, 0.510000, 0.960000, 
285694104, 162.000000, 0.510000, 0.840000, 
285700960, 163.000000, 0.510000, 0.960000, 
285707816, 162.000000, 0.510000, 0.840000, 
285714680, 163.000000, 0.510000, 0.960000, 
285721528, 163.000000, 0.510000, 0.960000, 
285728392, 163.000000, 0.510000, 0.960000, 
285735256, 163.000000, 0.510000, 0.960000, 
285742108, 163.000000, 0.510000, 0.960000, 
285748960, 162.000000, 0.510000, 0.840000, 
285755816, 162.000000, 0.510000, 0.840000, 
285762672, 163.000000, 0.510000, 0.960000, 
285769528, 163.000000, 0.510000, 0.960000, 
285776384, 163.000000, 0.510000, 0.960000, 
285783240, 163.000000, 0.510000, 0.960000, 
285790096, 163.000000, 0.510000, 0.960000, 
285796952, 163.000000, 0.510000, 0.960000, 
285803816, 163.000000, 0.510000, 0.960000, 
285810672, 162.000000, 0.510000, 0.840000, 
285817536, 163.000000, 0.510000, 0.960000, 
285824400, 162.000000, 0.510000, 0.840000, 
285831264, 163.000000, 0.510000, 0.960000, 
285838112, 163.000000, 0.510000, 0.960000, 
285844968, 162.000000, 0.510000, 0.840000, 
285851824, 163.000000, 0.510000, 0.960000, 
285858672, 163.000000, 0.510000, 0.960000, 
285865528, 162.000000, 0.510000, 0.840000, 
285872392, 163.000000, 0.510000, 0.960000, 
285879240, 163.000000, 0.510000, 0.960000, 
285886104, 162.000000, 0.510000, 0.840000, 
285892968, 163.000000, 0.510000, 0.960000, 
285899828, 163.000000, 0.510000, 0.960000, 
285906688, 163.000000, 0.510000, 0.960000, 
285913544, 163.000000, 0.510000, 0.960000, 
285920400, 163.000000, 0.510000, 0.960000, 
285927256, 162.000000, 0.510000, 0.840000, 
285934112, 163.000000, 0.510000, 0.960000, 
285940976, 163.000000, 0.510000, 0.960000, 
285947824, 163.000000, 0.510000, 0.960000, 
285954688, 163.000000, 0.510000, 0.960000, 
285961544, 162.000000, 0.510000, 0.840000, 
285968404, 163.000000, 0.510000, 0.960000, 
285975256, 163.000000, 0.510000, 0.960000, 
285982120, 163.000000, 0.510000, 0.960000, 
285988976, 163.000000, 0.510000, 0.960000, 
285995824, 163.000000, 0.510000, 0.960000, 
286002688, 162.000000, 0.510000, 0.840000, 
286009552, 163.000000, 0.510000, 0.960000, 
286016400, 162.000000, 0.510000, 0.840000, 
286023256, 163.000000, 0.510000, 0.960000, 
286030120, 163.000000, 0.510000, 0.960000, 
286036976, 162.000000, 0.510000, 0.840000, 
286043840, 163.000000, 0.510000, 0.960000, 
286050704, 163.000000, 0.510000, 0.960000, 
286057560, 163.000000, 0.510000, 0.960000, 
286064416, 163.000000, 0.510000, 0.960000, 
286071280, 163.000000, 0.510000, 0.960000, 
286078144, 163.000000, 0.510000, 0.960000, 
286085000, 163.000000, 0.510000, 0.960000, 
286091856, 163.000000, 0.510000, 0.960000, 
286098712, 163.000000, 0.510000, 0.960000, 
286105560, 163.000000, 0.510000, 0.960000, 
286112424, 163.000000, 0.510000, 0.960000, 
286119280, 163.000000, 0.510000, 0.960000, 
286126144, 162.000000, 0.510000, 0.840000, 
286132992, 163.000000, 0.510000, 0.960000, 
286139856, 163.000000, 0.510000, 0.960000, 
286146712, 163.000000, 0.510000, 0.960000, 
286153560, 163.000000, 0.510000, 0.960000, 
286160424, 163.000000, 0.510000, 0.960000, 
286167280, 163.000000, 0.510000, 0.960000, 
286174136, 163.000000, 0.510000, 0.960000, 
286181000, 163.000000, 0.510000, 0.960000, 
286187864, 163.000000, 0.510000, 0.960000, 
286194716, 163.000000, 0.510000, 0.960000, 
286201576, 163.000000, 0.510000, 0.960000, 
286208440, 163.000000, 0.510000, 0.960000, 
286215304, 163.000000, 0.510000, 0.960000, 
286222152, 163.000000, 0.510000, 0.960000, 
286229016, 163.000000, 0.510000, 0.960000, 
286235880, 163.000000, 0.510000, 0.960000, 
286242728, 163.000000, 0.510000, 0.960000, 
286249584, 163.000000, 0.510000, 0.960000, 
286256448, 163.000000, 0.510000, 0.960000, 
286263296, 163.000000, 0.510000, 0.960000, 
286270160, 163.000000, 0.510000, 0.960000, 
286277024, 163.000000, 0.510000, 0.960000, 
286283880, 163.000000, 0.510000, 0.960000, 
286290736, 163.000000, 0.510000, 0.960000, 
286297600, 163.000000, 0.510000, 0.960000, 
286304456, 163.000000, 0.510000, 0.960000, 
286311312, 163.000000, 0.510000, 0.960000, 
286318176, 163.000000, 0.510000, 0.960000, 
286325040, 163.000000, 0.510000, 0.960000, 
286331888, 163.000000, 0.510000, 0.960000, 
286338752, 163.000000, 0.510000, 0.960000, 
286345616, 163.000000, 0.510000, 0.960000, 
286352472, 163.000000, 0.510000, 0.960000, 
286359328, 163.000000, 0.510000, 0.960000, 
286366192, 163.000000, 0.510000, 0.960000, 
286373056, 163.000000, 0.510000, 0.960000, 
286379912, 163.000000, 0.510000, 0.960000, 
286386768, 163.000000, 0.510000, 0.960000, 
286393624, 163.000000, 0.510000, 0.960000, 
286400472, 163.000000, 0.510000, 0.960000, 
286407328, 163.000000, 0.510000, 0.960000, 
286414192, 163.000000, 0.510000, 0.960000, 
286421056, 163.000000, 0.510000, 0.960000, 
286427904, 163.000000, 0.510000, 0.960000, 
286434768, 163.000000, 0.510000, 0.960000, 
286441632, 163.000000, 0.510000, 0.960000, 
286448480, 163.000000, 0.510000, 0.960000, 
286455336, 163.000000, 0.510000, 0.960000, 
286462200, 163.000000, 0.510000, 0.960000, 
286469056, 163.000000, 0.510000, 0.960000, 
286475920, 163.000000, 0.510000, 0.960000, 
286482784, 163.000000, 0.510000, 0.960000, 
286489636, 163.000000, 0.510000, 0.960000, 
286496488, 162.000000, 0.510000, 0.840000, 
286503344, 163.000000, 0.510000, 0.960000, 
286510200, 162.000000, 0.510000, 0.840000, 
286517056, 163.000000, 0.510000, 0.960000, 
286523920, 163.000000, 0.510000, 0.960000, 
286530784, 163.000000, 0.510000, 0.960000, 
286537632, 163.000000, 0.510000, 0.960000, 
286544496, 163.000000, 0.510000, 0.960000, 
286551360, 163.000000, 0.510000, 0.960000, 
286558220, 163.000000, 0.510000, 0.960000, 
286565080, 163.000000, 0.510000, 0.960000, 
286571944, 163.000000, 0.510000, 0.960000, 
286578800, 163.000000, 0.510000, 0.960000, 
286585648, 163.000000, 0.510000, 0.960000, 
286592512, 163.000000, 0.510000, 0.960000, 
286599376, 163.000000, 0.510000, 0.960000, 
286606224, 163.000000, 0.510000, 0.960000, 
286613088, 162.000000, 0.510000, 0.840000, 
286619952, 163.000000, 0.510000, 0.960000, 
286626808, 163.000000, 0.510000, 0.960000, 
286633672, 163.000000, 0.510000, 0.960000, 
286640536, 163.000000, 0.510000, 0.960000, 
286647392, 163.000000, 0.510000, 0.960000, 
286654248, 163.000000, 0.510000, 0.960000, 
286661112, 163.000000, 0.510000, 0.960000, 
286667968, 163.000000, 0.510000, 0.960000, 
286674824, 163.000000, 0.510000, 0.960000, 
286681688, 163.000000, 0.510000, 0.960000, 
286688552, 163.000000, 0.510000, 0.960000, 
286695408, 163.000000, 0.510000, 0.960000, 
286702264, 163.000000, 0.510000, 0.960000, 
286709120, 163.000000, 0.510000, 0.960000, 
286715976, 163.000000, 0.510000, 0.960000, 
286722832, 163.000000, 0.510000, 0.960000, 
286729688, 163.000000, 0.510000, 0.960000, 
286736552, 163.000000, 0.510000, 0.960000, 
286743400, 163.000000, 0.510000, 0.960000, 
286750256, 163.000000, 0.510000, 0.960000, 
286757112, 162.000000, 0.510000, 0.840000, 
286763968, 163.000000, 0.510000, 0.960000, 
286770824, 163.000000, 0.510000, 0.960000, 
286777680, 163.000000, 0.510000, 0.960000, 
286784532, 163.000000, 0.510000, 0.960000, 
286791384, 163.000000, 0.510000, 0.960000, 
286798240, 163.000000, 0.510000, 0.960000, 
286805104, 163.000000, 0.510000, 0.960000, 
286811960, 163.000000, 0.510000, 0.960000, 
286818816, 163.000000, 0.510000, 0.960000, 
286825672, 163.000000, 0.510000, 0.960000, 
286832520, 163.000000, 0.510000, 0.960000, 
286839376, 163.000000, 0.510000, 0.960000, 
286846232, 163.000000, 0.510000, 0.960000, 
286853088, 163.000000, 0.510000, 0.960000, 
286859944, 163.000000, 0.510000, 0.960000, 
286866800, 163.000000, 0.510000, 0.960000, 
286873664, 163.000000, 0.510000, 0.960000, 
286880520, 163.000000, 0.510000, 0.960000, 
286887376, 163.000000, 0.510000, 0.960000, 
286894232, 163.000000, 0.510000, 0.960000, 
286901088, 163.000000, 0.510000, 0.960000, 
286907944, 163.000000, 0.510000, 0.960000, 
286914800, 163.000000, 0.510000, 0.960000, 
286921656, 163.000000, 0.510000, 0.960000, 
286928512, 163.000000, 0.510000, 0.960000, 
286935368, 163.000000, 0.510000, 0.960000, 
286942228, 163.000000, 0.510000, 0.960000, 
286949088, 163.000000, 0.510000, 0.960000, 
286955952, 163.000000, 0.510000, 0.960000, 
286962808, 163.000000, 0.510000, 0.960000, 
286969664, 163.000000, 0.510000, 0.960000, 
286976520, 163.000000, 0.510000, 0.960000, 
286983376, 163.000000, 0.510000, 0.960000, 
286990232, 162.000000, 0.510000, 0.840000, 
286997096, 162.000000, 0.510000, 0.840000, 
287003952, 163.000000, 0.510000, 0.960000, 
287010800, 163.000000, 0.510000, 0.960000, 
287017656, 163.000000, 0.510000, 0.960000, 
287024512, 163.000000, 0.510000, 0.960000, 
287031368, 163.000000, 0.510000, 0.960000, 
287038216, 163.000000, 0.510000, 0.960000, 
287045080, 163.000000, 0.510000, 0.960000, 
287051944, 163.000000, 0.510000, 0.960000, 
287058800, 162.000000, 0.510000, 0.840000, 
287065656, 163.000000, 0.510000, 0.960000, 
287072512, 162.000000, 0.510000, 0.840000, 
287079368, 163.000000, 0.510000, 0.960000, 
287086224, 163.000000, 0.510000, 0.960000, 
287093080, 163.000000, 0.510000, 0.960000, 
287099932, 163.000000, 0.510000, 0.960000, 
287106792, 163.000000, 0.510000, 0.960000, 
287113656, 163.000000, 0.510000, 0.960000, 
287120520, 162.000000, 0.510000, 0.840000, 
287127376, 163.000000, 0.510000, 0.960000, 
287134232, 163.000000, 0.510000, 0.960000, 
287141088, 163.000000, 0.510000, 0.960000, 
287147944, 163.000000, 0.510000, 0.960000, 
287154800, 163.000000, 0.510000, 0.960000, 
287161656, 162.000000, 0.510000, 0.840000, 
287168512, 163.000000, 0.510000, 0.960000, 
287175368, 163.000000, 0.510000, 0.960000, 
287182224, 163.000000, 0.510000, 0.960000, 
287189088, 163.000000, 0.510000, 0.960000, 
287195936, 163.000000, 0.510000, 0.960000, 
287202800, 163.000000, 0.510000, 0.960000, 
287209656, 163.000000, 0.510000, 0.960000, 
287216512, 162.000000, 0.510000, 0.840000, 
287223368, 162.000000, 0.510000, 0.840000, 
287230224, 162.000000, 0.510000, 0.840000, 
287237080, 163.000000, 0.510000, 0.960000, 
287243936, 162.000000, 0.510000, 0.840000, 
287250792, 162.000000, 0.510000, 0.840000, 
287257652, 163.000000, 0.510000, 0.960000, 
287264504, 162.000000, 0.510000, 0.840000, 
287271360, 163.000000, 0.510000, 0.960000, 
287278224, 163.000000, 0.510000, 0.960000, 
287285080, 162.000000, 0.510000, 0.840000, 
287291936, 163.000000, 0.510000, 0.960000, 
287298800, 162.000000, 0.510000, 0.840000, 
287305656, 163.000000, 0.510000, 0.960000, 
287312512, 163.000000, 0.510000, 0.960000, 
287319376, 163.000000, 0.510000, 0.960000, 
287326228, 163.000000, 0.510000, 0.960000, 
287333088, 163.000000, 0.510000, 0.960000, 
287339952, 162.000000, 0.510000, 0.840000, 
287346808, 162.000000, 0.510000, 0.840000, 
287353656, 163.000000, 0.510000, 0.960000, 
287360520, 162.000000, 0.510000, 0.840000, 
287367376, 162.000000, 0.510000, 0.840000, 
287374232, 162.000000, 0.510000, 0.840000, 
287381096, 163.000000, 0.510000, 0.960000, 
287387952, 163.000000, 0.510000, 0.960000, 
287394808, 162.000000, 0.510000, 0.840000, 
287401664, 162.000000, 0.510000, 0.840000, 
287408520, 162.000000, 0.510000, 0.840000, 
287415384, 162.000000, 0.510000, 0.840000, 
287422232, 162.000000, 0.510000, 0.840000, 
287429096, 162.000000, 0.510000, 0.840000, 
287435960, 162.000000, 0.510000, 0.840000, 
287442816, 163.000000, 0.510000, 0.960000, 
287449672, 162.000000, 0.510000, 0.840000, 
287456528, 162.000000, 0.510000, 0.840000, 
287463376, 163.000000, 0.510000, 0.960000, 
287470240, 163.000000, 0.510000, 0.960000, 
287477104, 163.000000, 0.510000, 0.960000, 
287483960, 163.000000, 0.510000, 0.960000, 
287490816, 162.000000, 0.510000, 0.840000, 
287497672, 162.000000, 0.510000, 0.840000, 
287504528, 163.000000, 0.510000, 0.960000, 
287511384, 162.000000, 0.510000, 0.840000, 
287518248, 162.000000, 0.510000, 0.840000, 
287525112, 162.000000, 0.510000, 0.840000, 
287531968, 163.000000, 0.510000, 0.960000, 
287538832, 162.000000, 0.510000, 0.840000, 
287545688, 163.000000, 0.510000, 0.960000, 
287552548, 163.000000, 0.510000, 0.960000, 
287559400, 163.000000, 0.510000, 0.960000, 
287566264, 162.000000, 0.510000, 0.840000, 
287573128, 162.000000, 0.510000, 0.840000, 
287579976, 162.000000, 0.510000, 0.840000, 
287586832, 162.000000, 0.510000, 0.840000, 
287593696, 162.000000, 0.510000, 0.840000, 
287600552, 162.000000, 0.510000, 0.840000, 
287607416, 163.000000, 0.510000, 0.960000, 
287614280, 162.000000, 0.510000, 0.840000, 
287621140, 163.000000, 0.510000, 0.960000, 
287627992, 162.000000, 0.510000, 0.840000, 
287634856, 162.000000, 0.510000, 0.840000, 
287641712, 163.000000, 0.510000, 0.960000, 
287648568, 163.000000, 0.510000, 0.960000, 
287655424, 163.000000, 0.510000, 0.960000, 
287662288, 162.000000, 0.510000, 0.840000, 
287669136, 162.000000, 0.510000, 0.840000, 
287676000, 162.000000, 0.510000, 0.840000, 
287682864, 162.000000, 0.510000, 0.840000, 
287689712, 162.000000, 0.510000, 0.840000, 
287696576, 162.000000, 0.510000, 0.840000, 
287703440, 162.000000, 0.510000, 0.840000, 
287710296, 162.000000, 0.510000, 0.840000, 
287717152, 162.000000, 0.510000, 0.840000, 
287724016, 163.000000, 0.510000, 0.960000, 
287730872, 162.000000, 0.510000, 0.840000, 
287737728, 163.000000, 0.510000, 0.960000, 
287744592, 162.000000, 0.510000, 0.840000, 
287751448, 162.000000, 0.510000, 0.840000, 
287758296, 162.000000, 0.510000, 0.840000, 
287765160, 162.000000, 0.510000, 0.840000, 
287772016, 162.000000, 0.510000, 0.840000, 
287778872, 162.000000, 0.510000, 0.840000, 
287785728, 162.000000, 0.510000, 0.840000, 
287792584, 163.000000, 0.510000, 0.960000, 
287799440, 162.000000, 0.510000, 0.840000, 
287806288, 162.000000, 0.510000, 0.840000, 
287813152, 162.000000, 0.510000, 0.840000, 
287820016, 162.000000, 0.510000, 0.840000, 
287826872, 163.000000, 0.510000, 0.960000, 
287833736, 162.000000, 0.510000, 0.840000, 
287840600, 162.000000, 0.510000, 0.840000, 
287847452, 162.000000, 0.510000, 0.840000, 
287854312, 162.000000, 0.510000, 0.840000, 
287861176, 162.000000, 0.510000, 0.840000, 
287868032, 162.000000, 0.510000, 0.840000, 
287874880, 162.000000, 0.510000, 0.840000, 
287881736, 162.000000, 0.510000, 0.840000, 
287888600, 162.000000, 0.510000, 0.840000, 
287895448, 162.000000, 0.510000, 0.840000, 
287902312, 162.000000, 0.510000, 0.840000, 
287909168, 163.000000, 0.510000, 0.960000, 
287916016, 162.000000, 0.510000, 0.840000, 
287922880, 162.000000, 0.510000, 0.840000, 
287929744, 162.000000, 0.510000, 0.840000, 
287936600, 163.000000, 0.510000, 0.960000, 
287943456, 162.000000, 0.510000, 0.840000, 
287950312, 162.000000, 0.510000, 0.840000, 
287957176, 162.000000, 0.510000, 0.840000, 
287964032, 162.000000, 0.510000, 0.840000, 
287970896, 162.000000, 0.510000, 0.840000, 
287977760, 162.000000, 0.510000, 0.840000, 
287984616, 162.000000, 0.510000, 0.840000, 
287991472, 162.000000, 0.510000, 0.840000, 
287998328, 162.000000, 0.510000, 0.840000, 
288005192, 162.000000, 0.510000, 0.840000, 
288012048, 162.000000, 0.510000, 0.840000, 
288018904, 162.000000, 0.510000, 0.840000, 
288025768, 162.000000, 0.510000, 0.840000, 
288032624, 162.000000, 0.510000, 0.840000, 
288039480, 162.000000, 0.510000, 0.840000, 
288046336, 162.000000, 0.510000, 0.840000, 
288053192, 162.000000, 0.510000, 0.840000, 
288060048, 162.000000, 0.510000, 0.840000, 
288066904, 162.000000, 0.510000, 0.840000, 
288073764, 162.000000, 0.510000, 0.840000, 
288080616, 162.000000, 0.510000, 0.840000, 
288087472, 162.000000, 0.510000, 0.840000, 
288094336, 162.000000, 0.510000, 0.840000, 
288101192, 162.000000, 0.510000, 0.840000, 
288108056, 162.000000, 0.510000, 0.840000, 
288114912, 162.000000, 0.510000, 0.840000, 
288121768, 162.000000, 0.510000, 0.840000, 
288128624, 162.000000, 0.510000, 0.840000, 
288135480, 162.000000, 0.510000, 0.840000, 
288142336, 162.000000, 0.510000, 0.840000, 
288149200, 162.000000, 0.510000, 0.840000, 
288156064, 162.000000, 0.510000, 0.840000, 
288162928, 162.000000, 0.510000, 0.840000, 
288169784, 162.000000, 0.510000, 0.840000, 
288176640, 162.000000, 0.510000, 0.840000, 
288183496, 162.000000, 0.510000, 0.840000, 
288190344, 162.000000, 0.510000, 0.840000, 
288197208, 162.000000, 0.510000, 0.840000, 
288204064, 162.000000, 0.510000, 0.840000, 
288210912, 162.000000, 0.510000, 0.840000, 
288217776, 162.000000, 0.510000, 0.840000, 
288224632, 162.000000, 0.510000, 0.840000, 
288231488, 162.000000, 0.510000, 0.840000, 
288238336, 162.000000, 0.510000, 0.840000, 
288245200, 162.000000, 0.510000, 0.840000, 
288252064, 162.000000, 0.510000, 0.840000, 
288258920, 162.000000, 0.510000, 0.840000, 
288265776, 162.000000, 0.510000, 0.840000, 
288272632, 162.000000, 0.510000, 0.840000, 
288279480, 162.000000, 0.510000, 0.840000, 
288286344, 162.000000, 0.510000, 0.840000, 
288293208, 162.000000, 0.510000, 0.840000, 
288300068, 162.000000, 0.510000, 0.840000, 
288306928, 162.000000, 0.510000, 0.840000, 
288313792, 162.000000, 0.510000, 0.840000, 
288320648, 162.000000, 0.510000, 0.840000, 
288327504, 162.000000, 0.510000, 0.840000, 
288334368, 162.000000, 0.510000, 0.840000, 
288341232, 162.000000, 0.510000, 0.840000, 
288348080, 162.000000, 0.510000, 0.840000, 
288354944, 162.000000, 0.510000, 0.840000, 
288361808, 162.000000, 0.510000, 0.840000, 
288368660, 162.000000, 0.510000, 0.840000, 
288375512, 162.000000, 0.510000, 0.840000, 
288382368, 162.000000, 0.510000, 0.840000, 
288389232, 162.000000, 0.510000, 0.840000, 
288396080, 162.000000, 0.510000, 0.840000, 
288402936, 162.000000, 0.510000, 0.840000, 
288409792, 162.000000, 0.510000, 0.840000, 
288416640, 162.000000, 0.510000, 0.840000, 
288423496, 162.000000, 0.510000, 0.840000, 
288430352, 162.000000, 0.510000, 0.840000, 
288437208, 162.000000, 0.510000, 0.840000, 
288444064, 162.000000, 0.510000, 0.840000, 
288450920, 162.000000, 0.510000, 0.840000, 
288457780, 162.000000, 0.510000, 0.840000, 
288464632, 162.000000, 0.510000, 0.840000, 
288471488, 162.000000, 0.510000, 0.840000, 
288478352, 162.000000, 0.510000, 0.840000, 
288485208, 162.000000, 0.510000, 0.840000, 
288492064, 162.000000, 0.510000, 0.840000, 
288498920, 162.000000, 0.510000, 0.840000, 
288505776, 162.000000, 0.510000, 0.840000, 
288512632, 162.000000, 0.510000, 0.840000, 
288519488, 162.000000, 0.510000, 0.840000, 
288526348, 162.000000, 0.510000, 0.840000, 
288533200, 162.000000, 0.510000, 0.840000, 
288540056, 162.000000, 0.510000, 0.840000, 
288546920, 162.000000, 0.510000, 0.840000, 
288553776, 162.000000, 0.510000, 0.840000, 
288560632, 162.000000, 0.510000, 0.840000, 
288567488, 162.000000, 0.510000, 0.840000, 
288574336, 162.000000, 0.510000, 0.840000, 
288581192, 162.000000, 0.510000, 0.840000, 
288588048, 162.000000, 0.510000, 0.840000, 
288594904, 162.000000, 0.510000, 0.840000, 
288601760, 162.000000, 0.510000, 0.840000, 
288608616, 162.000000, 0.510000, 0.840000, 
288615480, 162.000000, 0.510000, 0.840000, 
288622336, 162.000000, 0.510000, 0.840000, 
288629192, 162.000000, 0.510000, 0.840000, 
288636056, 162.000000, 0.510000, 0.840000, 
288642912, 162.000000, 0.510000, 0.840000, 
288649768, 162.000000, 0.510000, 0.840000, 
288656624, 162.000000, 0.510000, 0.840000, 
288663480, 162.000000, 0.510000, 0.840000, 
288670336, 162.000000, 0.510000, 0.840000, 
288677192, 162.000000, 0.510000, 0.840000, 
288684052, 162.000000, 0.510000, 0.840000, 
288690904, 162.000000, 0.510000, 0.840000, 
288697760, 162.000000, 0.510000, 0.840000, 
288704616, 161.000000, 0.510000, 0.710000, 
288711464, 162.000000, 0.510000, 0.840000, 
288718320, 162.000000, 0.510000, 0.840000, 
288725176, 161.000000, 0.510000, 0.710000, 
288732032, 162.000000, 0.510000, 0.840000, 
288738888, 161.000000, 0.510000, 0.710000, 
288745752, 162.000000, 0.510000, 0.840000, 
288752608, 162.000000, 0.510000, 0.840000, 
288759472, 162.000000, 0.510000, 0.840000, 
288766336, 162.000000, 0.510000, 0.840000, 
288773192, 162.000000, 0.510000, 0.840000, 
288780040, 162.000000, 0.510000, 0.840000, 
288786896, 162.000000, 0.510000, 0.840000, 
288793760, 162.000000, 0.510000, 0.840000, 
288800608, 162.000000, 0.510000, 0.840000, 
288807464, 162.000000, 0.510000, 0.840000, 
288814320, 162.000000, 0.510000, 0.840000, 
288821176, 162.000000, 0.510000, 0.840000, 
288828032, 162.000000, 0.510000, 0.840000, 
288834888, 161.000000, 0.510000, 0.710000, 
288841748, 162.000000, 0.510000, 0.840000, 
288848600, 162.000000, 0.510000, 0.840000, 
288855456, 162.000000, 0.510000, 0.840000, 
288862312, 162.000000, 0.510000, 0.840000, 
288869168, 162.000000, 0.510000, 0.840000, 
288876024, 162.000000, 0.510000, 0.840000, 
288882880, 162.000000, 0.510000, 0.840000, 
288889728, 162.000000, 0.510000, 0.840000, 
288896584, 161.000000, 0.510000, 0.710000, 
288903440, 162.000000, 0.510000, 0.840000, 
288910296, 161.000000, 0.510000, 0.710000, 
288917160, 161.000000, 0.510000, 0.710000, 
288924024, 162.000000, 0.510000, 0.840000, 
288930888, 161.000000, 0.510000, 0.710000, 
288937744, 162.000000, 0.510000, 0.840000, 
288944600, 162.000000, 0.510000, 0.840000, 
288951464, 162.000000, 0.510000, 0.840000, 
288958320, 162.000000, 0.510000, 0.840000, 
288965176, 161.000000, 0.510000, 0.710000, 
288972040, 161.000000, 0.510000, 0.710000, 
288978896, 162.000000, 0.510000, 0.840000, 
288985752, 162.000000, 0.510000, 0.840000, 
288992608, 162.000000, 0.510000, 0.840000, 
288999468, 162.000000, 0.510000, 0.840000, 
289006320, 162.000000, 0.510000, 0.840000, 
289013176, 162.000000, 0.510000, 0.840000, 
289020032, 162.000000, 0.510000, 0.840000, 
289026888, 161.000000, 0.510000, 0.710000, 
289033744, 162.000000, 0.510000, 0.840000, 
289040600, 162.000000, 0.510000, 0.840000, 
289047456, 161.000000, 0.510000, 0.710000, 
289054320, 162.000000, 0.510000, 0.840000, 
289061176, 161.000000, 0.510000, 0.710000, 
289068032, 162.000000, 0.510000, 0.840000, 
289074888, 162.000000, 0.510000, 0.840000, 
289081752, 161.000000, 0.510000, 0.710000, 
289088608, 162.000000, 0.510000, 0.840000, 
289095464, 162.000000, 0.510000, 0.840000, 
289102320, 161.000000, 0.510000, 0.710000, 
289109184, 162.000000, 0.510000, 0.840000, 
289116040, 161.000000, 0.510000, 0.710000, 
289122896, 162.000000, 0.510000, 0.840000, 
289129752, 162.000000, 0.510000, 0.840000, 
289136608, 161.000000, 0.510000, 0.710000, 
289143464, 162.000000, 0.510000, 0.840000, 
289150328, 161.000000, 0.510000, 0.710000, 
289157192, 161.000000, 0.510000, 0.710000, 
289164048, 162.000000, 0.510000, 0.840000, 
289170904, 162.000000, 0.510000, 0.840000, 
289177768, 162.000000, 0.510000, 0.840000, 
289184616, 161.000000, 0.510000, 0.710000, 
289191480, 161.000000, 0.510000, 0.710000, 
289198336, 161.000000, 0.510000, 0.710000, 
289205192, 162.000000, 0.510000, 0.840000, 
289212048, 161.000000, 0.510000, 0.710000, 
289218912, 161.000000, 0.510000, 0.710000, 
289225772, 161.000000, 0.510000, 0.710000, 
289232632, 162.000000, 0.510000, 0.840000, 
289239488, 161.000000, 0.510000, 0.710000, 
289246344, 162.000000, 0.510000, 0.840000, 
289253192, 161.000000, 0.510000, 0.710000, 
289260048, 162.000000, 0.510000, 0.840000, 
289266904, 162.000000, 0.510000, 0.840000, 
289273752, 161.000000, 0.510000, 0.710000, 
289280608, 162.000000, 0.510000, 0.840000, 
289287464, 161.000000, 0.510000, 0.710000, 
289294312, 161.000000, 0.510000, 0.710000, 
289301176, 161.000000, 0.510000, 0.710000, 
289308040, 162.000000, 0.510000, 0.840000, 
289314904, 161.000000, 0.510000, 0.710000, 
289321760, 161.000000, 0.510000, 0.710000, 
289328616, 162.000000, 0.510000, 0.840000, 
289335472, 161.000000, 0.510000, 0.710000, 
289342328, 161.000000, 0.510000, 0.710000, 
289349192, 161.000000, 0.510000, 0.710000, 
289356056, 162.000000, 0.510000, 0.840000, 
289362912, 161.000000, 0.510000, 0.710000, 
289369776, 162.000000, 0.510000, 0.840000, 
289376632, 161.000000, 0.510000, 0.710000, 
289383488, 161.000000, 0.510000, 0.710000, 
289390336, 161.000000, 0.510000, 0.710000, 
289397200, 161.000000, 0.510000, 0.710000, 
289404056, 161.000000, 0.510000, 0.710000, 
289410912, 162.000000, 0.510000, 0.840000, 
289417768, 162.000000, 0.510000, 0.840000, 
289424624, 161.000000, 0.510000, 0.710000, 
289431480, 161.000000, 0.510000, 0.710000, 
289438344, 161.000000, 0.510000, 0.710000, 
289445200, 161.000000, 0.510000, 0.710000, 
289452052, 161.000000, 0.510000, 0.710000, 
289458912, 162.000000, 0.510000, 0.840000, 
289465776, 162.000000, 0.510000, 0.840000, 
289472640, 161.000000, 0.510000, 0.710000, 
289479488, 161.000000, 0.510000, 0.710000, 
289486344, 161.000000, 0.510000, 0.710000, 
289493208, 161.000000, 0.510000, 0.710000, 
289500064, 161.000000, 0.510000, 0.710000, 
289506920, 161.000000, 0.510000, 0.710000, 
289513784, 161.000000, 0.510000, 0.710000, 
289520640, 161.000000, 0.510000, 0.710000, 
289527504, 161.000000, 0.510000, 0.710000, 
289534360, 161.000000, 0.510000, 0.710000, 
289541224, 161.000000, 0.510000, 0.710000, 
289548080, 161.000000, 0.510000, 0.710000, 
289554936, 161.000000, 0.510000, 0.710000, 
289561792, 161.000000, 0.510000, 0.710000, 
289568648, 161.000000, 0.510000, 0.710000, 
289575512, 161.000000, 0.510000, 0.710000, 
289582376, 161.000000, 0.510000, 0.710000, 
289589232, 161.000000, 0.510000, 0.710000, 
289596096, 161.000000, 0.510000, 0.710000, 
289602952, 162.000000, 0.510000, 0.840000, 
289609816, 161.000000, 0.510000, 0.710000, 
289616664, 161.000000, 0.510000, 0.710000, 
289623528, 161.000000, 0.510000, 0.710000, 
289630392, 161.000000, 0.510000, 0.710000, 
289637248, 161.000000, 0.510000, 0.710000, 
289644112, 161.000000, 0.510000, 0.710000, 
289650976, 161.000000, 0.510000, 0.710000, 
289657832, 161.000000, 0.510000, 0.710000, 
289664696, 161.000000, 0.510000, 0.710000, 
289671560, 162.000000, 0.510000, 0.840000, 
289678424, 161.000000, 0.510000, 0.710000, 
289685272, 161.000000, 0.510000, 0.710000, 
289692136, 162.000000, 0.510000, 0.840000, 
289698992, 161.000000, 0.510000, 0.710000, 
289705848, 161.000000, 0.510000, 0.710000, 
289712712, 161.000000, 0.510000, 0.710000, 
289719576, 161.000000, 0.510000, 0.710000, 
289726432, 161.000000, 0.510000, 0.710000, 
289733296, 162.000000, 0.510000, 0.840000, 
289740152, 161.000000, 0.510000, 0.710000, 
289747016, 161.000000, 0.510000, 0.710000, 
289753872, 161.000000, 0.510000, 0.710000, 
289760736, 161.000000, 0.510000, 0.710000, 
289767600, 161.000000, 0.510000, 0.710000, 
289774456, 161.000000, 0.510000, 0.710000, 
289781320, 161.000000, 0.510000, 0.710000, 
289788176, 161.000000, 0.510000, 0.710000, 
289795032, 161.000000, 0.510000, 0.710000, 
289801896, 161.000000, 0.510000, 0.710000, 
289808760, 162.000000, 0.510000, 0.840000, 
289815624, 161.000000, 0.510000, 0.710000, 
289822480, 161.000000, 0.510000, 0.710000, 
289829344, 161.000000, 0.510000, 0.710000, 
289836200, 161.000000, 0.510000, 0.710000, 
289843056, 161.000000, 0.510000, 0.710000, 
289849912, 161.000000, 0.510000, 0.710000, 
289856776, 161.000000, 0.510000, 0.710000, 
289863632, 161.000000, 0.510000, 0.710000, 
289870488, 161.000000, 0.510000, 0.710000, 
289877352, 161.000000, 0.510000, 0.710000, 
289884212, 161.000000, 0.510000, 0.710000, 
289891072, 161.000000, 0.510000, 0.710000, 
289897928, 161.000000, 0.510000, 0.710000, 
289904784, 161.000000, 0.510000, 0.710000, 
289911640, 161.000000, 0.510000, 0.710000, 
289918504, 161.000000, 0.510000, 0.710000, 
289925360, 161.000000, 0.510000, 0.710000, 
289932216, 161.000000, 0.510000, 0.710000, 
289939080, 161.000000, 0.510000, 0.710000, 
289945944, 161.000000, 0.510000, 0.710000, 
289952804, 161.000000, 0.510000, 0.710000, 
289959664, 161.000000, 0.510000, 0.710000, 
289966520, 161.000000, 0.510000, 0.710000, 
289973376, 161.000000, 0.510000, 0.710000, 
289980232, 161.000000, 0.510000, 0.710000, 
289987088, 161.000000, 0.510000, 0.710000, 
289993944, 161.000000, 0.510000, 0.710000, 
290000800, 161.000000, 0.510000, 0.710000, 
290007656, 161.000000, 0.510000, 0.710000, 
290014520, 161.000000, 0.510000, 0.710000, 
290021376, 161.000000, 0.510000, 0.710000, 
290028240, 161.000000, 0.510000, 0.710000, 
290035104, 161.000000, 0.510000, 0.710000, 
290041968, 161.000000, 0.510000, 0.710000, 
290048824, 161.000000, 0.510000, 0.710000, 
290055680, 161.000000, 0.510000, 0.710000, 
290062544, 161.000000, 0.510000, 0.710000, 
290069400, 161.000000, 0.510000, 0.710000, 
290076264, 161.000000, 0.510000, 0.710000, 
290083128, 161.000000, 0.510000, 0.710000, 
290089984, 161.000000, 0.510000, 0.710000, 
290096848, 161.000000, 0.510000, 0.710000, 
290103712, 161.000000, 0.510000, 0.710000, 
290110568, 161.000000, 0.510000, 0.710000, 
290117424, 161.000000, 0.510000, 0.710000, 
290124280, 161.000000, 0.510000, 0.710000, 
290131136, 161.000000, 0.510000, 0.710000, 
290137992, 161.000000, 0.510000, 0.710000, 
290144848, 161.000000, 0.510000, 0.710000, 
290151704, 161.000000, 0.510000, 0.710000, 
290158560, 161.000000, 0.510000, 0.710000, 
290165416, 161.000000, 0.510000, 0.710000, 
290172272, 161.000000, 0.510000, 0.710000, 
290179128, 161.000000, 0.510000, 0.710000, 
290185984, 161.000000, 0.510000, 0.710000, 
290192840, 161.000000, 0.510000, 0.710000, 
290199696, 161.000000, 0.510000, 0.710000, 
290206552, 161.000000, 0.510000, 0.710000, 
290213408, 161.000000, 0.510000, 0.710000, 
290220264, 161.000000, 0.510000, 0.710000, 
290227120, 161.000000, 0.510000, 0.710000, 
290233984, 161.000000, 0.510000, 0.710000, 
290240848, 161.000000, 0.510000, 0.710000, 
290247708, 161.000000, 0.510000, 0.710000, 
290254568, 161.000000, 0.510000, 0.710000, 
290261432, 161.000000, 0.510000, 0.710000, 
290268296, 161.000000, 0.510000, 0.710000, 
290275152, 161.000000, 0.510000, 0.710000, 
290282016, 161.000000, 0.510000, 0.710000, 
290288872, 161.000000, 0.510000, 0.710000, 
290295728, 161.000000, 0.510000, 0.710000, 
290302592, 161.000000, 0.510000, 0.710000, 
290309456, 161.000000, 0.510000, 0.710000, 
290316316, 161.000000, 0.510000, 0.710000, 
290323176, 161.000000, 0.510000, 0.710000, 
290330040, 161.000000, 0.510000, 0.710000, 
290336896, 161.000000, 0.510000, 0.710000, 
290343752, 161.000000, 0.510000, 0.710000, 
290350608, 161.000000, 0.510000, 0.710000, 
290357464, 161.000000, 0.510000, 0.710000, 
290364320, 161.000000, 0.510000, 0.710000, 
290371176, 161.000000, 0.510000, 0.710000, 
290378040, 161.000000, 0.510000, 0.710000, 
290384896, 161.000000, 0.510000, 0.710000, 
290391752, 161.000000, 0.510000, 0.710000, 
290398616, 161.000000, 0.510000, 0.710000, 
290405480, 161.000000, 0.510000, 0.710000, 
290412336, 161.000000, 0.510000, 0.710000, 
290419192, 161.000000, 0.510000, 0.710000, 
290426056, 161.000000, 0.510000, 0.710000, 
290432912, 161.000000, 0.510000, 0.710000, 
290439776, 161.000000, 0.510000, 0.710000, 
290446640, 161.000000, 0.510000, 0.710000, 
290453496, 161.000000, 0.510000, 0.710000, 
290460352, 161.000000, 0.510000, 0.710000, 
290467216, 161.000000, 0.510000, 0.710000, 
290474072, 161.000000, 0.510000, 0.710000, 
290480928, 161.000000, 0.510000, 0.710000, 
290487792, 161.000000, 0.510000, 0.710000, 
290494656, 161.000000, 0.510000, 0.710000, 
290501512, 161.000000, 0.510000, 0.710000, 
290508376, 161.000000, 0.510000, 0.710000, 
290515240, 161.000000, 0.510000, 0.710000, 
290522096, 161.000000, 0.510000, 0.710000, 
290528952, 161.000000, 0.510000, 0.710000, 
290535816, 161.000000, 0.510000, 0.710000, 
290542680, 160.000000, 0.510000, 0.590000, 
290549536, 161.000000, 0.510000, 0.710000, 
290556400, 161.000000, 0.510000, 0.710000, 
290563264, 161.000000, 0.510000, 0.710000, 
290570120, 161.000000, 0.510000, 0.710000, 
290576976, 161.000000, 0.510000, 0.710000, 
290583840, 161.000000, 0.510000, 0.710000, 
290590696, 161.000000, 0.510000, 0.710000, 
290597560, 161.000000, 0.510000, 0.710000, 
290604424, 161.000000, 0.510000, 0.710000, 
290611288, 161.000000, 0.510000, 0.710000, 
290618136, 161.000000, 0.510000, 0.710000, 
290624992, 161.000000, 0.510000, 0.710000, 
290631856, 160.000000, 0.510000, 0.590000, 
290638704, 161.000000, 0.510000, 0.710000, 
290645568, 161.000000, 0.510000, 0.710000, 
290652432, 161.000000, 0.510000, 0.710000, 
290659288, 161.000000, 0.510000, 0.710000, 
290666152, 161.000000, 0.510000, 0.710000, 
290673008, 161.000000, 0.510000, 0.710000, 
290679864, 161.000000, 0.510000, 0.710000, 
290686720, 161.000000, 0.510000, 0.710000, 
290693584, 161.000000, 0.510000, 0.710000, 
290700440, 161.000000, 0.510000, 0.710000, 
290707296, 161.000000, 0.510000, 0.710000, 
290714152, 161.000000, 0.510000, 0.710000, 
290721008, 161.000000, 0.510000, 0.710000, 
290727864, 161.000000, 0.510000, 0.710000, 
290734728, 161.000000, 0.510000, 0.710000, 
290741584, 161.000000, 0.510000, 0.710000, 
290748444, 160.000000, 0.510000, 0.590000, 
290755304, 160.000000, 0.510000, 0.590000, 
290762168, 160.000000, 0.510000, 0.590000, 
290769024, 160.000000, 0.510000, 0.590000, 
290775872, 161.000000, 0.510000, 0.710000, 
290782736, 161.000000, 0.510000, 0.710000, 
290789600, 160.000000, 0.510000, 0.590000, 
290796456, 161.000000, 0.510000, 0.710000, 
290803320, 161.000000, 0.510000, 0.710000, 
290810184, 161.000000, 0.510000, 0.710000, 
290817044, 160.000000, 0.510000, 0.590000, 
290823896, 161.000000, 0.510000, 0.710000, 
290830760, 160.000000, 0.510000, 0.590000, 
290837624, 161.000000, 0.510000, 0.710000, 
290844480, 161.000000, 0.510000, 0.710000, 
290851344, 160.000000, 0.510000, 0.590000, 
290858200, 161.000000, 0.510000, 0.710000, 
290865056, 160.000000, 0.510000, 0.590000, 
290871920, 161.000000, 0.510000, 0.710000, 
290878784, 161.000000, 0.510000, 0.710000, 
290885644, 161.000000, 0.510000, 0.710000, 
290892504, 160.000000, 0.510000, 0.590000, 
290899368, 161.000000, 0.510000, 0.710000, 
290906224, 160.000000, 0.510000, 0.590000, 
290913072, 161.000000, 0.510000, 0.710000, 
290919928, 161.000000, 0.510000, 0.710000, 
290926784, 161.000000, 0.510000, 0.710000, 
290933640, 161.000000, 0.510000, 0.710000, 
290940496, 161.000000, 0.510000, 0.710000, 
290947352, 161.000000, 0.510000, 0.710000, 
290954208, 161.000000, 0.510000, 0.710000, 
290961072, 160.000000, 0.510000, 0.590000, 
290967936, 161.000000, 0.510000, 0.710000, 
290974800, 160.000000, 0.510000, 0.590000, 
290981648, 161.000000, 0.510000, 0.710000, 
290988512, 161.000000, 0.510000, 0.710000, 
290995368, 161.000000, 0.510000, 0.710000, 
291002224, 161.000000, 0.510000, 0.710000, 
291009080, 161.000000, 0.510000, 0.710000, 
291015936, 160.000000, 0.510000, 0.590000, 
291022784, 160.000000, 0.510000, 0.590000, 
291029640, 161.000000, 0.510000, 0.710000, 
291036496, 160.000000, 0.510000, 0.590000, 
291043348, 160.000000, 0.510000, 0.590000, 
291050200, 161.000000, 0.510000, 0.710000, 
291057056, 160.000000, 0.510000, 0.590000, 
291063912, 160.000000, 0.510000, 0.590000, 
291070768, 161.000000, 0.510000, 0.710000, 
291077632, 161.000000, 0.510000, 0.710000, 
291084488, 161.000000, 0.510000, 0.710000, 
291091344, 160.000000, 0.510000, 0.590000, 
291098208, 161.000000, 0.510000, 0.710000, 
291105064, 160.000000, 0.510000, 0.590000, 
291111912, 160.000000, 0.510000, 0.590000, 
291118776, 160.000000, 0.510000, 0.590000, 
291125640, 160.000000, 0.510000, 0.590000, 
291132496, 161.000000, 0.510000, 0.710000, 
291139352, 161.000000, 0.510000, 0.710000, 
291146216, 161.000000, 0.510000, 0.710000, 
291153080, 160.000000, 0.510000, 0.590000, 
291159928, 160.000000, 0.510000, 0.590000, 
291166792, 160.000000, 0.510000, 0.590000, 
291173656, 161.000000, 0.510000, 0.710000, 
291180512, 161.000000, 0.510000, 0.710000, 
291187376, 161.000000, 0.510000, 0.710000, 
291194232, 160.000000, 0.510000, 0.590000, 
291201088, 160.000000, 0.510000, 0.590000, 
291207944, 161.000000, 0.510000, 0.710000, 
291214800, 160.000000, 0.510000, 0.590000, 
291221656, 160.000000, 0.510000, 0.590000, 
291228504, 161.000000, 0.510000, 0.710000, 
291235368, 160.000000, 0.510000, 0.590000, 
291242224, 160.000000, 0.510000, 0.590000, 
291249080, 160.000000, 0.510000, 0.590000, 
291255936, 161.000000, 0.510000, 0.710000, 
291262800, 161.000000, 0.510000, 0.710000, 
291269660, 161.000000, 0.510000, 0.710000, 
291276520, 161.000000, 0.510000, 0.710000, 
291283384, 160.000000, 0.510000, 0.590000, 
291290248, 160.000000, 0.510000, 0.590000, 
291297104, 160.000000, 0.510000, 0.590000, 
291303968, 160.000000, 0.510000, 0.590000, 
291310832, 160.000000, 0.510000, 0.590000, 
291317688, 160.000000, 0.510000, 0.590000, 
291324552, 160.000000, 0.510000, 0.590000, 
291331416, 160.000000, 0.510000, 0.590000, 
291338276, 161.000000, 0.510000, 0.710000, 
291345136, 160.000000, 0.510000, 0.590000, 
291352000, 161.000000, 0.510000, 0.710000, 
291358856, 161.000000, 0.510000, 0.710000, 
291365712, 160.000000, 0.510000, 0.590000, 
291372576, 161.000000, 0.510000, 0.710000, 
291379432, 160.000000, 0.510000, 0.590000, 
291386288, 160.000000, 0.510000, 0.590000, 
291393144, 160.000000, 0.510000, 0.590000, 
291400000, 161.000000, 0.510000, 0.710000, 
291406860, 161.000000, 0.510000, 0.710000, 
291413712, 161.000000, 0.510000, 0.710000, 
291420576, 160.000000, 0.510000, 0.590000, 
291427432, 161.000000, 0.510000, 0.710000, 
291434288, 161.000000, 0.510000, 0.710000, 
291441144, 160.000000, 0.510000, 0.590000, 
291448008, 160.000000, 0.510000, 0.590000, 
291454856, 161.000000, 0.510000, 0.710000, 
291461720, 160.000000, 0.510000, 0.590000, 
291468576, 160.000000, 0.510000, 0.590000, 
291475432, 160.000000, 0.510000, 0.590000, 
291482296, 161.000000, 0.510000, 0.710000, 
291489160, 160.000000, 0.510000, 0.590000, 
291496016, 161.000000, 0.510000, 0.710000, 
291502872, 161.000000, 0.510000, 0.710000, 
291509736, 160.000000, 0.510000, 0.590000, 
291516592, 160.000000, 0.510000, 0.590000, 
291523448, 160.000000, 0.510000, 0.590000, 
291530304, 160.000000, 0.510000, 0.590000, 
291537168, 160.000000, 0.510000, 0.590000, 
291544016, 160.000000, 0.510000, 0.590000, 
291550880, 160.000000, 0.510000, 0.590000, 
291557744, 161.000000, 0.510000, 0.710000, 
291564608, 160.000000, 0.510000, 0.590000, 
291571464, 160.000000, 0.510000, 0.590000, 
291578328, 160.000000, 0.510000, 0.590000, 
291585192, 160.000000, 0.510000, 0.590000, 
291592048, 160.000000, 0.510000, 0.590000, 
291598912, 160.000000, 0.510000, 0.590000, 
291605776, 160.000000, 0.510000, 0.590000, 
291612624, 160.000000, 0.510000, 0.590000, 
291619488, 160.000000, 0.510000, 0.590000, 
291626352, 160.000000, 0.510000, 0.590000, 
291633208, 160.000000, 0.510000, 0.590000, 
291640064, 160.000000, 0.510000, 0.590000, 
291646920, 161.000000, 0.510000, 0.710000, 
291653776, 160.000000, 0.510000, 0.590000, 
291660632, 160.000000, 0.510000, 0.590000, 
291667496, 160.000000, 0.510000, 0.590000, 
291674352, 160.000000, 0.510000, 0.590000, 
291681208, 160.000000, 0.510000, 0.590000, 
291688064, 160.000000, 0.510000, 0.590000, 
291694920, 160.000000, 0.510000, 0.590000, 
291701772, 160.000000, 0.510000, 0.590000, 
291708632, 160.000000, 0.510000, 0.590000, 
291715496, 160.000000, 0.510000, 0.590000, 
291722352, 161.000000, 0.510000, 0.710000, 
291729208, 160.000000, 0.510000, 0.590000, 
291736072, 160.000000, 0.510000, 0.590000, 
291742936, 160.000000, 0.510000, 0.590000, 
291749784, 161.000000, 0.510000, 0.710000, 
291756640, 160.000000, 0.510000, 0.590000, 
291763504, 160.000000, 0.510000, 0.590000, 
291770352, 160.000000, 0.510000, 0.590000, 
291777216, 160.000000, 0.510000, 0.590000, 
291784080, 160.000000, 0.510000, 0.590000, 
291790936, 160.000000, 0.510000, 0.590000, 
291797792, 160.000000, 0.510000, 0.590000, 
291804656, 160.000000, 0.510000, 0.590000, 
291811520, 160.000000, 0.510000, 0.590000, 
291818376, 160.000000, 0.510000, 0.590000, 
291825240, 160.000000, 0.510000, 0.590000, 
291832104, 160.000000, 0.510000, 0.590000, 
291838960, 160.000000, 0.510000, 0.590000, 
291845816, 160.000000, 0.510000, 0.590000, 
291852672, 160.000000, 0.510000, 0.590000, 
291859536, 160.000000, 0.510000, 0.590000, 
291866392, 160.000000, 0.510000, 0.590000, 
291873248, 160.000000, 0.510000, 0.590000, 
291880104, 160.000000, 0.510000, 0.590000, 
291886960, 160.000000, 0.510000, 0.590000, 
291893816, 160.000000, 0.510000, 0.590000, 
291900672, 160.000000, 0.510000, 0.590000, 
291907528, 160.000000, 0.510000, 0.590000, 
291914384, 160.000000, 0.510000, 0.590000, 
291921248, 160.000000, 0.510000, 0.590000, 
291928100, 160.000000, 0.510000, 0.590000, 
291934952, 160.000000, 0.510000, 0.590000, 
291941816, 160.000000, 0.510000, 0.590000, 
291948672, 160.000000, 0.510000, 0.590000, 
291955520, 160.000000, 0.510000, 0.590000, 
291962384, 160.000000, 0.510000, 0.590000, 
291969248, 160.000000, 0.510000, 0.590000, 
291976104, 160.000000, 0.510000, 0.590000, 
291982960, 160.000000, 0.510000, 0.590000, 
291989824, 160.000000, 0.510000, 0.590000, 
291996672, 160.000000, 0.510000, 0.590000, 
292003536, 160.000000, 0.510000, 0.590000, 
292010392, 160.000000, 0.510000, 0.590000, 
292017256, 160.000000, 0.510000, 0.590000, 
292024104, 160.000000, 0.510000, 0.590000, 
292030960, 160.000000, 0.510000, 0.590000, 
292037824, 160.000000, 0.510000, 0.590000, 
292044672, 160.000000, 0.510000, 0.590000, 
292051536, 160.000000, 0.510000, 0.590000, 
292058392, 160.000000, 0.510000, 0.590000, 
292065248, 160.000000, 0.510000, 0.590000, 
292072112, 160.000000, 0.510000, 0.590000, 
292078968, 160.000000, 0.510000, 0.590000, 
292085824, 160.000000, 0.510000, 0.590000, 
292092680, 160.000000, 0.510000, 0.590000, 
292099544, 160.000000, 0.510000, 0.590000, 
292106408, 160.000000, 0.510000, 0.590000, 
292113264, 160.000000, 0.510000, 0.590000, 
292120128, 160.000000, 0.510000, 0.590000, 
292126992, 160.000000, 0.510000, 0.590000, 
292133848, 160.000000, 0.510000, 0.590000, 
292140712, 160.000000, 0.510000, 0.590000, 
292147576, 160.000000, 0.510000, 0.590000, 
292154440, 160.000000, 0.510000, 0.590000, 
292161288, 160.000000, 0.510000, 0.590000, 
292168144, 160.000000, 0.510000, 0.590000, 
292175008, 160.000000, 0.510000, 0.590000, 
292181856, 160.000000, 0.510000, 0.590000, 
292188712, 160.000000, 0.510000, 0.590000, 
292195576, 160.000000, 0.510000, 0.590000, 
292202424, 160.000000, 0.510000, 0.590000, 
292209280, 160.000000, 0.510000, 0.590000, 
292216136, 160.000000, 0.510000, 0.590000, 
292222988, 160.000000, 0.510000, 0.590000, 
292229848, 160.000000, 0.510000, 0.590000, 
292236712, 160.000000, 0.510000, 0.590000, 
292243568, 160.000000, 0.510000, 0.590000, 
292250416, 160.000000, 0.510000, 0.590000, 
292257272, 160.000000, 0.510000, 0.590000, 
292264136, 160.000000, 0.510000, 0.590000, 
292270984, 160.000000, 0.510000, 0.590000, 
292277848, 160.000000, 0.510000, 0.590000, 
292284712, 160.000000, 0.510000, 0.590000, 
292291568, 160.000000, 0.510000, 0.590000, 
292298424, 160.000000, 0.510000, 0.590000, 
292305280, 160.000000, 0.510000, 0.590000, 
292312144, 160.000000, 0.510000, 0.590000, 
292318992, 160.000000, 0.510000, 0.590000, 
292325856, 160.000000, 0.510000, 0.590000, 
292332720, 160.000000, 0.510000, 0.590000, 
292339568, 160.000000, 0.510000, 0.590000, 
292346424, 160.000000, 0.510000, 0.590000, 
292353288, 160.000000, 0.510000, 0.590000, 
292360144, 160.000000, 0.510000, 0.590000, 
292367000, 160.000000, 0.510000, 0.590000, 
292373864, 160.000000, 0.510000, 0.590000, 
292380728, 160.000000, 0.510000, 0.590000, 
292387576, 160.000000, 0.510000, 0.590000, 
292394440, 160.000000, 0.510000, 0.590000, 
292401296, 160.000000, 0.510000, 0.590000, 
292408152, 160.000000, 0.510000, 0.590000, 
292415016, 160.000000, 0.510000, 0.590000, 
292421880, 160.000000, 0.510000, 0.590000, 
292428728, 160.000000, 0.510000, 0.590000, 
292435592, 160.000000, 0.510000, 0.590000, 
292442456, 160.000000, 0.510000, 0.590000, 
292449308, 160.000000, 0.510000, 0.590000, 
292456168, 160.000000, 0.510000, 0.590000, 
292463024, 160.000000, 0.510000, 0.590000, 
292469880, 160.000000, 0.510000, 0.590000, 
292476728, 160.000000, 0.510000, 0.590000, 
292483592, 160.000000, 0.510000, 0.590000, 
292490448, 160.000000, 0.510000, 0.590000, 
292497304, 160.000000, 0.510000, 0.590000, 
292504160, 160.000000, 0.510000, 0.590000, 
292511016, 160.000000, 0.510000, 0.590000, 
292517864, 160.000000, 0.510000, 0.590000, 
292524728, 160.000000, 0.510000, 0.590000, 
292531592, 160.000000, 0.510000, 0.590000, 
292538448, 160.000000, 0.510000, 0.590000, 
292545296, 160.000000, 0.510000, 0.590000, 
292552152, 160.000000, 0.510000, 0.590000, 
292559016, 160.000000, 0.510000, 0.590000, 
292565864, 160.000000, 0.510000, 0.590000, 
292572720, 160.000000, 0.510000, 0.590000, 
292579584, 160.000000, 0.510000, 0.590000, 
292586432, 160.000000, 0.510000, 0.590000, 
292593296, 160.000000, 0.510000, 0.590000, 
292600160, 160.000000, 0.510000, 0.590000, 
292607012, 160.000000, 0.510000, 0.590000, 
292613864, 160.000000, 0.510000, 0.590000, 
292620728, 160.000000, 0.510000, 0.590000, 
292627584, 160.000000, 0.510000, 0.590000, 
292634432, 160.000000, 0.510000, 0.590000, 
292641296, 160.000000, 0.510000, 0.590000, 
292648152, 160.000000, 0.510000, 0.590000, 
292655000, 160.000000, 0.510000, 0.590000, 
292661864, 160.000000, 0.510000, 0.590000, 
292668720, 160.000000, 0.510000, 0.590000, 
292675576, 160.000000, 0.510000, 0.590000, 
292682440, 160.000000, 0.510000, 0.590000, 
292689304, 160.000000, 0.510000, 0.590000, 
292696160, 160.000000, 0.510000, 0.590000, 
292703016, 160.000000, 0.510000, 0.590000, 
292709872, 160.000000, 0.510000, 0.590000, 
292716736, 160.000000, 0.510000, 0.590000, 
292723592, 160.000000, 0.510000, 0.590000, 
292730456, 160.000000, 0.510000, 0.590000, 
292737320, 160.000000, 0.510000, 0.590000, 
292744168, 160.000000, 0.510000, 0.590000, 
292751032, 160.000000, 0.510000, 0.590000, 
292757888, 160.000000, 0.510000, 0.590000, 
292764744, 160.000000, 0.510000, 0.590000, 
292771600, 160.000000, 0.510000, 0.590000, 
292778464, 160.000000, 0.510000, 0.590000, 
292785328, 160.000000, 0.510000, 0.590000, 
292792184, 160.000000, 0.510000, 0.590000, 
292799048, 160.000000, 0.510000, 0.590000, 
292805904, 160.000000, 0.510000, 0.590000, 
292812752, 160.000000, 0.510000, 0.590000, 
292819616, 160.000000, 0.510000, 0.590000, 
292826480, 160.000000, 0.510000, 0.590000, 
292833336, 160.000000, 0.510000, 0.590000, 
292840184, 160.000000, 0.510000, 0.590000, 
292847048, 160.000000, 0.510000, 0.590000, 
292853904, 160.000000, 0.510000, 0.590000, 
292860760, 160.000000, 0.510000, 0.590000, 
292867616, 160.000000, 0.510000, 0.590000, 
292874472, 160.000000, 0.510000, 0.590000, 
292881328, 160.000000, 0.510000, 0.590000, 
292888184, 160.000000, 0.510000, 0.590000, 
292895040, 160.000000, 0.510000, 0.590000, 
292901888, 160.000000, 0.510000, 0.590000, 
292908752, 160.000000, 0.510000, 0.590000, 
292915616, 160.000000, 0.510000, 0.590000, 
292922480, 160.000000, 0.510000, 0.590000, 
292929328, 160.000000, 0.510000, 0.590000, 
292936184, 160.000000, 0.510000, 0.590000, 
292943048, 160.000000, 0.510000, 0.590000, 
292949904, 160.000000, 0.510000, 0.590000, 
292956768, 160.000000, 0.510000, 0.590000, 
292963632, 160.000000, 0.510000, 0.590000, 
292970480, 160.000000, 0.510000, 0.590000, 
292977336, 160.000000, 0.510000, 0.590000, 
292984192, 160.000000, 0.510000, 0.590000, 
292991048, 160.000000, 0.510000, 0.590000, 
292997904, 160.000000, 0.510000, 0.590000, 
293004768, 160.000000, 0.510000, 0.590000, 
293011632, 160.000000, 0.510000, 0.590000, 
293018480, 160.000000, 0.510000, 0.590000, 
293025336, 160.000000, 0.510000, 0.590000, 
293032200, 160.000000, 0.510000, 0.590000, 
293039048, 160.000000, 0.510000, 0.590000, 
293045912, 160.000000, 0.510000, 0.590000, 
293052776, 160.000000, 0.510000, 0.590000, 
293059636, 160.000000, 0.510000, 0.590000, 
293066496, 160.000000, 0.510000, 0.590000, 
293073360, 160.000000, 0.510000, 0.590000, 
293080216, 160.000000, 0.510000, 0.590000, 
293087072, 160.000000, 0.510000, 0.590000, 
293093936, 160.000000, 0.510000, 0.590000, 
293100800, 159.000000, 0.500000, 0.470000, 
293107648, 160.000000, 0.510000, 0.590000, 
293114512, 159.000000, 0.500000, 0.470000, 
293121368, 160.000000, 0.510000, 0.590000, 
293128228, 160.000000, 0.510000, 0.590000, 
293135080, 160.000000, 0.510000, 0.590000, 
293141944, 160.000000, 0.510000, 0.590000, 
293148800, 160.000000, 0.510000, 0.590000, 
293155656, 160.000000, 0.510000, 0.590000, 
293162520, 160.000000, 0.510000, 0.590000, 
293169384, 160.000000, 0.510000, 0.590000, 
293176240, 160.000000, 0.510000, 0.590000, 
293183104, 160.000000, 0.510000, 0.590000, 
293189968, 160.000000, 0.510000, 0.590000, 
293196828, 160.000000, 0.510000, 0.590000, 
293203680, 160.000000, 0.510000, 0.590000, 
293210544, 160.000000, 0.510000, 0.590000, 
293217400, 160.000000, 0.510000, 0.590000, 
293224248, 160.000000, 0.510000, 0.590000, 
293231112, 160.000000, 0.510000, 0.590000, 
293237968, 160.000000, 0.510000, 0.590000, 
293244824, 159.000000, 0.500000, 0.470000, 
293251672, 160.000000, 0.510000, 0.590000, 
293258536, 160.000000, 0.510000, 0.590000, 
293265392, 160.000000, 0.510000, 0.590000, 
293272256, 160.000000, 0.510000, 0.590000, 
293279112, 160.000000, 0.510000, 0.590000, 
293285968, 160.000000, 0.510000, 0.590000, 
293292816, 160.000000, 0.510000, 0.590000, 
293299672, 160.000000, 0.510000, 0.590000, 
293306536, 160.000000, 0.510000, 0.590000, 
293313392, 160.000000, 0.510000, 0.590000, 
293320256, 160.000000, 0.510000, 0.590000, 
293327120, 160.000000, 0.510000, 0.590000, 
293333968, 159.000000, 0.500000, 0.470000, 
293340816, 160.000000, 0.510000, 0.590000, 
293347680, 160.000000, 0.510000, 0.590000, 
293354540, 160.000000, 0.510000, 0.590000, 
293361392, 160.000000, 0.510000, 0.590000, 
293368256, 159.000000, 0.500000, 0.470000, 
293375104, 160.000000, 0.510000, 0.590000, 
293381960, 160.000000, 0.510000, 0.590000, 
293388824, 160.000000, 0.510000, 0.590000, 
293395680, 160.000000, 0.510000, 0.590000, 
293402528, 160.000000, 0.510000, 0.590000, 
293409392, 160.000000, 0.510000, 0.590000, 
293416256, 160.000000, 0.510000, 0.590000, 
293423116, 159.000000, 0.500000, 0.470000, 
293429968, 160.000000, 0.510000, 0.590000, 
293436832, 160.000000, 0.510000, 0.590000, 
293443688, 159.000000, 0.500000, 0.470000, 
293450536, 160.000000, 0.510000, 0.590000, 
293457400, 160.000000, 0.510000, 0.590000, 
293464264, 160.000000, 0.510000, 0.590000, 
293471120, 160.000000, 0.510000, 0.590000, 
293477976, 160.000000, 0.510000, 0.590000, 
293484832, 160.000000, 0.510000, 0.590000, 
293491688, 160.000000, 0.510000, 0.590000, 
293498552, 160.000000, 0.510000, 0.590000, 
293505416, 160.000000, 0.510000, 0.590000, 
293512272, 160.000000, 0.510000, 0.590000, 
293519128, 160.000000, 0.510000, 0.590000, 
293525984, 160.000000, 0.510000, 0.590000, 
293532848, 160.000000, 0.510000, 0.590000, 
293539696, 160.000000, 0.510000, 0.590000, 
293546560, 160.000000, 0.510000, 0.590000, 
293553424, 160.000000, 0.510000, 0.590000, 
293560280, 160.000000, 0.510000, 0.590000, 
293567136, 160.000000, 0.510000, 0.590000, 
293573992, 160.000000, 0.510000, 0.590000, 
293580856, 160.000000, 0.510000, 0.590000, 
293587704, 160.000000, 0.510000, 0.590000, 
293594560, 160.000000, 0.510000, 0.590000, 
293601416, 160.000000, 0.510000, 0.590000, 
293608272, 160.000000, 0.510000, 0.590000, 
293615128, 160.000000, 0.510000, 0.590000, 
293621992, 160.000000, 0.510000, 0.590000, 
293628840, 160.000000, 0.510000, 0.590000, 
293635696, 160.000000, 0.510000, 0.590000, 
293642552, 160.000000, 0.510000, 0.590000, 
293649408, 159.000000, 0.500000, 0.470000, 
293656264, 160.000000, 0.510000, 0.590000, 
293663128, 160.000000, 0.510000, 0.590000, 
293669984, 159.000000, 0.500000, 0.470000, 
293676832, 159.000000, 0.500000, 0.470000, 
293683688, 160.000000, 0.510000, 0.590000, 
293690544, 160.000000, 0.510000, 0.590000, 
293697392, 159.000000, 0.500000, 0.470000, 
293704248, 159.000000, 0.500000, 0.470000, 
293711104, 160.000000, 0.510000, 0.590000, 
293717960, 160.000000, 0.510000, 0.590000, 
293724824, 160.000000, 0.510000, 0.590000, 
293731680, 160.000000, 0.510000, 0.590000, 
293738532, 160.000000, 0.510000, 0.590000, 
293745392, 160.000000, 0.510000, 0.590000, 
293752256, 159.000000, 0.500000, 0.470000, 
293759104, 160.000000, 0.510000, 0.590000, 
293765960, 160.000000, 0.510000, 0.590000, 
293772816, 159.000000, 0.500000, 0.470000, 
293779664, 159.000000, 0.500000, 0.470000, 
293786512, 160.000000, 0.510000, 0.590000, 
293793368, 159.000000, 0.500000, 0.470000, 
293800224, 159.000000, 0.500000, 0.470000, 
293807072, 159.000000, 0.500000, 0.470000, 
293813928, 159.000000, 0.500000, 0.470000, 
293820784, 159.000000, 0.500000, 0.470000, 
293827636, 160.000000, 0.510000, 0.590000, 
293834496, 160.000000, 0.510000, 0.590000, 
293841360, 160.000000, 0.510000, 0.590000, 
293848216, 160.000000, 0.510000, 0.590000, 
293855064, 160.000000, 0.510000, 0.590000, 
293861928, 160.000000, 0.510000, 0.590000, 
293868792, 160.000000, 0.510000, 0.590000, 
293875648, 160.000000, 0.510000, 0.590000, 
293882512, 159.000000, 0.500000, 0.470000, 
293889368, 159.000000, 0.500000, 0.470000, 
293896220, 159.000000, 0.500000, 0.470000, 
293903072, 159.000000, 0.500000, 0.470000, 
293909928, 159.000000, 0.500000, 0.470000, 
293916776, 159.000000, 0.500000, 0.470000, 
293923624, 160.000000, 0.510000, 0.590000, 
293930488, 159.000000, 0.500000, 0.470000, 
293937344, 159.000000, 0.500000, 0.470000, 
293944192, 159.000000, 0.500000, 0.470000, 
293951048, 160.000000, 0.510000, 0.590000, 
293957912, 159.000000, 0.500000, 0.470000, 
293964760, 159.000000, 0.500000, 0.470000, 
293971608, 160.000000, 0.510000, 0.590000, 
293978472, 159.000000, 0.500000, 0.470000, 
293985324, 159.000000, 0.500000, 0.470000, 
293992176, 160.000000, 0.510000, 0.590000, 
293999032, 160.000000, 0.510000, 0.590000, 
294005888, 159.000000, 0.500000, 0.470000, 
294012736, 160.000000, 0.510000, 0.590000, 
294019600, 160.000000, 0.510000, 0.590000, 
294026456, 159.000000, 0.500000, 0.470000, 
294033304, 159.000000, 0.500000, 0.470000, 
294040160, 159.000000, 0.500000, 0.470000, 
294047016, 159.000000, 0.500000, 0.470000, 
294053864, 160.000000, 0.510000, 0.590000, 
294060728, 159.000000, 0.500000, 0.470000, 
294067576, 159.000000, 0.500000, 0.470000, 
294074424, 160.000000, 0.510000, 0.590000, 
294081280, 159.000000, 0.500000, 0.470000, 
294088136, 160.000000, 0.510000, 0.590000, 
294094992, 159.000000, 0.500000, 0.470000, 
294101840, 160.000000, 0.510000, 0.590000, 
294108696, 159.000000, 0.500000, 0.470000, 
294115552, 160.000000, 0.510000, 0.590000, 
294122400, 160.000000, 0.510000, 0.590000, 
