0.037460, -0.240000, 0.980000,    -0.2300
0.037480, -0.220000, 0.980000,    -0.2100
0.037500, -0.190000, 0.990000,    -0.1900
0.037530, -0.170000, 0.990000,    -0.1700
0.037550, -0.150000, 0.990000,    -0.1500
0.037570, -0.130000, 0.990000,    -0.1300
0.037590, -0.110000, 1.000000,    -0.1000
0.037610, -0.080000, 1.000000,    -0.0800
0.037640, -0.060000, 1.000000,    -0.0600
0.037660, -0.040000, 1.000000,    -0.0400
0.037680, -0.020000, 1.000000,    -0.0200
0.037700, 0.000000, 1.000000,     0.0100
0.037730, 0.030000, 1.000000,     0.0300
0.037750, 0.050000, 1.000000,     0.0500
0.037770, 0.070000, 1.000000,     0.0700
0.037790, 0.090000, 1.000000,     0.0900
0.037810, 0.120000, 1.000000,     0.1200
0.037840, 0.140000, 0.990000,     0.1400
0.037860, 0.160000, 0.990000,     0.1600
0.037880, 0.180000, 0.990000,     0.1800
0.037900, 0.200000, 0.990000,     0.2000
0.037930, 0.220000, 0.980000,     0.2200
0.037950, 0.250000, 0.980000,     0.2400
0.037970, 0.270000, 0.970000,     0.2600
0.037990, 0.290000, 0.970000,     0.2800
0.038010, 0.310000, 0.970000,     0.3000
0.038040, 0.330000, 0.960000,     0.3200
0.038060, 0.350000, 0.960000,     0.3400
0.038080, 0.370000, 0.950000,     0.3500
0.038100, 0.390000, 0.940000,     0.3700
0.038130, 0.410000, 0.940000,     0.3900
0.038150, 0.430000, 0.930000,     0.4000
0.038170, 0.450000, 0.920000,     0.4200
0.038190, 0.470000, 0.920000,     0.4400
0.038210, 0.490000, 0.910000,     0.4500
0.038240, 0.510000, 0.900000,     0.4600
0.038260, 0.530000, 0.890000,     0.4700
0.038280, 0.550000, 0.880000,     0.4900
0.038300, 0.570000, 0.880000,     0.5000
0.038330, 0.590000, 0.870000,     0.5100
0.038350, 0.600000, 0.860000,     0.5200
0.038370, 0.620000, 0.850000,     0.5300
0.038390, 0.640000, 0.840000,     0.5400
0.038410, 0.660000, 0.830000,     0.5400
0.038440, 0.670000, 0.820000,     0.5500
0.038460, 0.690000, 0.810000,     0.5600
0.038480, 0.700000, 0.800000,     0.5600
0.038500, 0.720000, 0.780000,     0.5600
0.038520, 0.740000, 0.770000,     0.5700
0.038550, 0.750000, 0.760000,     0.5700
0.038570, 0.760000, 0.750000,     0.5700
0.038590, 0.780000, 0.740000,     0.5700
0.038610, 0.790000, 0.720000,     0.5700
0.038640, 0.810000, 0.710000,     0.5700
0.038660, 0.820000, 0.700000,     0.5700
0.038680, 0.830000, 0.680000,     0.5700
0.038700, 0.840000, 0.670000,     0.5700
0.038720, 0.860000, 0.660000,     0.5600
0.038750, 0.870000, 0.640000,     0.5600
0.038770, 0.880000, 0.630000,     0.5500
0.038790, 0.890000, 0.610000,     0.5400
0.038810, 0.900000, 0.600000,     0.5400
0.038840, 0.910000, 0.580000,     0.5300
0.038860, 0.920000, 0.570000,     0.5200
0.038880, 0.930000, 0.550000,     0.5100
0.038900, 0.930000, 0.540000,     0.5000
0.038930, 0.940000, 0.520000,     0.4900
0.038950, 0.950000, 0.510000,     0.4800
0.038970, 0.960000, 0.490000,     0.4700
0.038990, 0.960000, 0.470000,     0.4600
0.039010, 0.970000, 0.460000,     0.4400
0.039040, 0.970000, 0.440000,     0.4300
0.039060, 0.980000, 0.420000,     0.4100
0.039080, 0.980000, 0.410000,     0.4000
0.039100, 0.990000, 0.390000,     0.3800
0.039120, 0.990000, 0.370000,     0.3700
0.039150, 0.990000, 0.360000,     0.3500
0.039170, 1.000000, 0.340000,     0.3400
0.039190, 1.000000, 0.320000,     0.3200
0.039210, 1.000000, 0.300000,     0.3000
0.039240, 1.000000, 0.290000,     0.2900
0.039260, 1.000000, 0.270000,     0.2700
0.039280, 1.000000, 0.250000,     0.2500
0.039300, 1.000000, 0.230000,     0.2300
0.039320, 1.000000, 0.210000,     0.2100
0.039350, 1.000000, 0.200000,     0.1900
0.039370, 1.000000, 0.180000,     0.1800
0.039390, 0.990000, 0.160000,     0.1600
0.039410, 0.990000, 0.140000,     0.1400
0.039440, 0.990000, 0.120000,     0.1200
0.039460, 0.980000, 0.100000,     0.1000
0.039480, 0.980000, 0.090000,     0.0800
0.039500, 0.970000, 0.070000,     0.0700
0.039520, 0.970000, 0.050000,     0.0500
0.039550, 0.960000, 0.030000,     0.0300
0.039570, 0.960000, 0.010000,     0.0100
0.039590, 0.950000, -0.010000,    -0.0100
0.039610, 0.940000, -0.020000,    -0.0200
0.039630, 0.930000, -0.040000,    -0.0400
0.039660, 0.930000, -0.060000,    -0.0600
0.039680, 0.920000, -0.080000,    -0.0700
0.039700, 0.910000, -0.100000,    -0.0900
0.039720, 0.900000, -0.120000,    -0.1100
0.039750, 0.890000, -0.140000,    -0.1200
0.039770, 0.880000, -0.150000,    -0.1400
0.039790, 0.870000, -0.170000,    -0.1500
0.039810, 0.860000, -0.190000,    -0.1600
0.039840, 0.840000, -0.210000,    -0.1800
0.039860, 0.830000, -0.230000,    -0.1900
0.039880, 0.820000, -0.240000,    -0.2000
0.039900, 0.810000, -0.260000,    -0.2100
0.039920, 0.790000, -0.280000,    -0.2200
0.039950, 0.780000, -0.300000,    -0.2300
0.039970, 0.770000, -0.320000,    -0.2400
0.039990, 0.750000, -0.330000,    -0.2500
0.040010, 0.740000, -0.350000,    -0.2600
0.040040, 0.720000, -0.370000,    -0.2700
0.040060, 0.710000, -0.380000,    -0.2700
0.040080, 0.690000, -0.400000,    -0.2800
0.040100, 0.670000, -0.420000,    -0.2800
0.040120, 0.660000, -0.440000,    -0.2900
0.040150, 0.640000, -0.450000,    -0.2900
0.040170, 0.620000, -0.470000,    -0.2900
0.040190, 0.600000, -0.490000,    -0.2900
0.040210, 0.590000, -0.500000,    -0.2900
0.040240, 0.570000, -0.520000,    -0.2900
0.040260, 0.550000, -0.530000,    -0.2900
0.040280, 0.530000, -0.550000,    -0.2900
0.040300, 0.510000, -0.560000,    -0.2900
0.040330, 0.490000, -0.580000,    -0.2900
0.040350, 0.470000, -0.590000,    -0.2800
0.040370, 0.450000, -0.610000,    -0.2800
0.040390, 0.430000, -0.620000,    -0.2700
0.040410, 0.410000, -0.640000,    -0.2600
0.040440, 0.390000, -0.650000,    -0.2600
0.040460, 0.370000, -0.670000,    -0.2500
0.040480, 0.350000, -0.680000,    -0.2400
0.040500, 0.330000, -0.690000,    -0.2300
0.040520, 0.310000, -0.710000,    -0.2200
0.040550, 0.290000, -0.720000,    -0.2100
0.040570, 0.270000, -0.730000,    -0.2000
0.040590, 0.250000, -0.740000,    -0.1800
0.040610, 0.230000, -0.760000,    -0.1700
0.040640, 0.200000, -0.770000,    -0.1600
0.040660, 0.180000, -0.780000,    -0.1400
0.040680, 0.160000, -0.790000,    -0.1300
0.040700, 0.140000, -0.800000,    -0.1100
0.040720, 0.120000, -0.810000,    -0.0900
0.040750, 0.090000, -0.820000,    -0.0800
0.040770, 0.070000, -0.840000,    -0.0600
0.040790, 0.050000, -0.850000,    -0.0400
0.040810, 0.030000, -0.850000,    -0.0200
0.040840, 0.000000, -0.860000,    -0.0000
0.040860, -0.020000, -0.870000,     0.0200
0.040880, -0.040000, -0.880000,     0.0400
0.040900, -0.060000, -0.890000,     0.0600
0.040930, -0.080000, -0.900000,     0.0800
0.040950, -0.110000, -0.910000,     0.1000
0.040970, -0.130000, -0.910000,     0.1200
0.040990, -0.150000, -0.920000,     0.1400
0.041010, -0.170000, -0.930000,     0.1600
0.041040, -0.190000, -0.940000,     0.1800
0.041060, -0.220000, -0.940000,     0.2100
0.041080, -0.240000, -0.950000,     0.2300
0.041100, -0.260000, -0.950000,     0.2500
0.041120, -0.280000, -0.960000,     0.2700
0.041150, -0.300000, -0.960000,     0.2900
0.041170, -0.320000, -0.970000,     0.3100
0.041190, -0.340000, -0.970000,     0.3400
0.041210, -0.360000, -0.980000,     0.3600
0.041240, -0.390000, -0.980000,     0.3800
0.041260, -0.410000, -0.980000,     0.4000
0.041280, -0.430000, -0.990000,     0.4200
0.041300, -0.450000, -0.990000,     0.4400
0.041330, -0.470000, -0.990000,     0.4600
0.041350, -0.490000, -0.990000,     0.4800
0.041370, -0.500000, -1.000000,     0.5000
0.041390, -0.520000, -1.000000,     0.5200
0.041410, -0.540000, -1.000000,     0.5400
0.041440, -0.560000, -1.000000,     0.5600
0.041460, -0.580000, -1.000000,     0.5800
0.041480, -0.600000, -1.000000,     0.6000
0.041500, -0.610000, -1.000000,     0.6200
0.041530, -0.630000, -1.000000,     0.6300
0.041550, -0.650000, -1.000000,     0.6500
0.041570, -0.670000, -1.000000,     0.6600
0.041590, -0.680000, -0.990000,     0.6800
0.041610, -0.700000, -0.990000,     0.6900
0.041640, -0.710000, -0.990000,     0.7100
0.041660, -0.730000, -0.990000,     0.7200
0.041680, -0.740000, -0.980000,     0.7300
0.041700, -0.760000, -0.980000,     0.7500
0.041720, -0.770000, -0.980000,     0.7600
0.041750, -0.790000, -0.970000,     0.7700
0.041770, -0.800000, -0.970000,     0.7800
0.041790, -0.810000, -0.960000,     0.7900
0.041810, -0.830000, -0.960000,     0.7900
0.041840, -0.840000, -0.950000,     0.8000
0.041860, -0.850000, -0.950000,     0.8100
0.041880, -0.860000, -0.940000,     0.8100
0.041900, -0.870000, -0.940000,     0.8200
0.041930, -0.880000, -0.930000,     0.8200
0.041950, -0.890000, -0.920000,     0.8200
0.041970, -0.900000, -0.910000,     0.8300
0.041990, -0.910000, -0.910000,     0.8300
0.042010, -0.920000, -0.900000,     0.8300
0.042040, -0.930000, -0.890000,     0.8300
0.042060, -0.940000, -0.880000,     0.8300
0.042080, -0.950000, -0.870000,     0.8300
0.042100, -0.950000, -0.860000,     0.8200
0.042130, -0.960000, -0.850000,     0.8200
0.042150, -0.970000, -0.840000,     0.8100
0.042170, -0.970000, -0.830000,     0.8100
0.042190, -0.980000, -0.820000,     0.8000
0.042220, -0.980000, -0.810000,     0.8000
0.042240, -0.980000, -0.800000,     0.7900
0.042260, -0.990000, -0.790000,     0.7800
0.042280, -0.990000, -0.780000,     0.7700
0.042300, -0.990000, -0.770000,     0.7600
0.042330, -1.000000, -0.760000,     0.7500
0.042350, -1.000000, -0.740000,     0.7400
0.042370, -1.000000, -0.730000,     0.7300
0.042390, -1.000000, -0.720000,     0.7200
0.042420, -1.000000, -0.700000,     0.7000
0.042440, -1.000000, -0.690000,     0.6900
0.042460, -1.000000, -0.680000,     0.6800
0.042480, -1.000000, -0.660000,     0.6600
0.042500, -1.000000, -0.650000,     0.6500
0.042530, -0.990000, -0.640000,     0.6300
0.042550, -0.990000, -0.620000,     0.6200
0.042570, -0.990000, -0.610000,     0.6000
0.042590, -0.980000, -0.590000,     0.5800
0.042620, -0.980000, -0.580000,     0.5600
0.042640, -0.970000, -0.560000,     0.5500
0.042660, -0.970000, -0.550000,     0.5300
0.042680, -0.960000, -0.530000,     0.5100
0.042700, -0.960000, -0.510000,     0.4900
0.042730, -0.950000, -0.500000,     0.4700
0.042750, -0.940000, -0.480000,     0.4500
0.042770, -0.940000, -0.470000,     0.4400
0.042790, -0.930000, -0.450000,     0.4200
0.042810, -0.920000, -0.430000,     0.4000
0.042840, -0.910000, -0.420000,     0.3800
0.042860, -0.900000, -0.400000,     0.3600
0.042880, -0.890000, -0.380000,     0.3400
0.042900, -0.880000, -0.370000,     0.3200
0.042930, -0.870000, -0.350000,     0.3000
0.042950, -0.860000, -0.330000,     0.2800
0.042970, -0.850000, -0.310000,     0.2600
0.042990, -0.840000, -0.300000,     0.2500
0.043020, -0.820000, -0.280000,     0.2300
0.043040, -0.810000, -0.260000,     0.2100
0.043060, -0.800000, -0.240000,     0.1900
0.043080, -0.780000, -0.220000,     0.1800
0.043110, -0.770000, -0.210000,     0.1600
0.043130, -0.750000, -0.190000,     0.1400
0.043150, -0.740000, -0.170000,     0.1200
0.043170, -0.730000, -0.150000,     0.1100
0.043190, -0.710000, -0.130000,     0.0900
0.043220, -0.690000, -0.110000,     0.0800
0.043240, -0.680000, -0.100000,     0.0600
0.043260, -0.660000, -0.080000,     0.0500
0.043280, -0.640000, -0.060000,     0.0400
0.043300, -0.630000, -0.040000,     0.0200
0.043330, -0.610000, -0.020000,     0.0100
0.043350, -0.590000, -0.000000,     0.0000
0.043370, -0.570000, 0.020000,    -0.0100
0.043390, -0.550000, 0.030000,    -0.0200
0.043420, -0.540000, 0.050000,    -0.0300
0.043440, -0.520000, 0.070000,    -0.0400
0.043460, -0.500000, 0.090000,    -0.0400
0.043480, -0.480000, 0.110000,    -0.0500
0.043510, -0.460000, 0.130000,    -0.0600
0.043530, -0.440000, 0.140000,    -0.0600
0.043550, -0.420000, 0.160000,    -0.0700
0.043570, -0.400000, 0.180000,    -0.0700
0.043590, -0.380000, 0.200000,    -0.0800
0.043620, -0.360000, 0.220000,    -0.0800
0.043640, -0.340000, 0.240000,    -0.0800
0.043660, -0.320000, 0.250000,    -0.0800
0.043680, -0.290000, 0.270000,    -0.0800
0.043710, -0.270000, 0.290000,    -0.0800
0.043730, -0.250000, 0.310000,    -0.0800
0.043750, -0.230000, 0.320000,    -0.0700
0.043770, -0.210000, 0.340000,    -0.0700
0.043790, -0.190000, 0.360000,    -0.0700
0.043820, -0.170000, 0.380000,    -0.0600
0.043840, -0.140000, 0.390000,    -0.0600
0.043860, -0.120000, 0.410000,    -0.0500
0.043880, -0.100000, 0.430000,    -0.0400
0.043900, -0.080000, 0.440000,    -0.0300
0.043930, -0.050000, 0.460000,    -0.0200
0.043950, -0.030000, 0.480000,    -0.0100
0.043970, -0.010000, 0.490000,    -0.0000
0.043990, 0.010000, 0.510000,     0.0100
0.044020, 0.030000, 0.520000,     0.0200
0.044040, 0.060000, 0.540000,     0.0300
0.044060, 0.080000, 0.560000,     0.0400
0.044080, 0.100000, 0.570000,     0.0600
0.044110, 0.120000, 0.590000,     0.0700
0.044130, 0.150000, 0.600000,     0.0900
0.044150, 0.170000, 0.620000,     0.1000
0.044170, 0.190000, 0.630000,     0.1200
0.044190, 0.210000, 0.640000,     0.1400
0.044220, 0.230000, 0.660000,     0.1500
0.044240, 0.250000, 0.670000,     0.1700
0.044260, 0.280000, 0.690000,     0.1900
0.044280, 0.300000, 0.700000,     0.2100
0.044310, 0.320000, 0.710000,     0.2300
0.044330, 0.340000, 0.720000,     0.2500
0.044350, 0.360000, 0.740000,     0.2700
0.044370, 0.380000, 0.750000,     0.2900
0.044390, 0.400000, 0.760000,     0.3100
0.044420, 0.420000, 0.770000,     0.3300
0.044440, 0.440000, 0.790000,     0.3500
0.044460, 0.460000, 0.800000,     0.3700
0.044480, 0.480000, 0.810000,     0.3900
0.044510, 0.500000, 0.820000,     0.4100
0.044530, 0.520000, 0.830000,     0.4300
0.044550, 0.540000, 0.840000,     0.4500
0.044570, 0.560000, 0.850000,     0.4700
0.044590, 0.570000, 0.860000,     0.4900
0.044620, 0.590000, 0.870000,     0.5100
0.044640, 0.610000, 0.880000,     0.5400
0.044660, 0.630000, 0.890000,     0.5600
0.044680, 0.640000, 0.890000,     0.5800
0.044700, 0.660000, 0.900000,     0.6000
0.044730, 0.680000, 0.910000,     0.6200
0.044750, 0.690000, 0.920000,     0.6400
0.044770, 0.710000, 0.930000,     0.6600
0.044790, 0.720000, 0.930000,     0.6800
0.044810, 0.740000, 0.940000,     0.7000
0.044840, 0.750000, 0.940000,     0.7100
0.044860, 0.770000, 0.950000,     0.7300
0.044880, 0.780000, 0.960000,     0.7500
0.044900, 0.800000, 0.960000,     0.7700
0.044930, 0.810000, 0.970000,     0.7800
0.044950, 0.820000, 0.970000,     0.8000
0.044970, 0.840000, 0.980000,     0.8200
0.044990, 0.850000, 0.980000,     0.8300
0.045020, 0.860000, 0.980000,     0.8500
0.045040, 0.870000, 0.990000,     0.8600
0.045060, 0.880000, 0.990000,     0.8700
0.045080, 0.890000, 0.990000,     0.8800
0.045100, 0.900000, 0.990000,     0.9000
0.045130, 0.910000, 1.000000,     0.9100
0.045150, 0.920000, 1.000000,     0.9200
0.045170, 0.930000, 1.000000,     0.9300
0.045190, 0.940000, 1.000000,     0.9400
0.045210, 0.940000, 1.000000,     0.9400
0.045240, 0.950000, 1.000000,     0.9500
0.045260, 0.960000, 1.000000,     0.9600
0.045280, 0.960000, 1.000000,     0.9600
0.045300, 0.970000, 1.000000,     0.9700
0.045330, 0.970000, 1.000000,     0.9700
0.045350, 0.980000, 1.000000,     0.9800
0.045370, 0.980000, 0.990000,     0.9800
0.045390, 0.990000, 0.990000,     0.9800
0.045410, 0.990000, 0.990000,     0.9800
0.045440, 0.990000, 0.990000,     0.9800
0.045460, 1.000000, 0.980000,     0.9800
0.045480, 1.000000, 0.980000,     0.9800
0.045500, 1.000000, 0.980000,     0.9700
0.045530, 1.000000, 0.970000,     0.9700
0.045550, 1.000000, 0.970000,     0.9700
0.045570, 1.000000, 0.960000,     0.9600
0.045590, 1.000000, 0.960000,     0.9600
0.045620, 1.000000, 0.950000,     0.9500
0.045640, 1.000000, 0.950000,     0.9400
0.045660, 0.990000, 0.940000,     0.9300
0.045680, 0.990000, 0.930000,     0.9200
0.045700, 0.990000, 0.930000,     0.9100
0.045720, 0.990000, 0.920000,     0.9000
0.045750, 0.980000, 0.910000,     0.8900
0.045770, 0.980000, 0.900000,     0.8800
0.045790, 0.970000, 0.900000,     0.8700
0.045810, 0.970000, 0.890000,     0.8600
0.045840, 0.960000, 0.880000,     0.8400
0.045860, 0.950000, 0.870000,     0.8300
0.045880, 0.950000, 0.860000,     0.8100
0.045900, 0.940000, 0.850000,     0.8000
0.045930, 0.930000, 0.840000,     0.7800
0.045950, 0.920000, 0.830000,     0.7700
0.045970, 0.910000, 0.820000,     0.7500
0.045990, 0.910000, 0.810000,     0.7300
0.046010, 0.900000, 0.800000,     0.7100
0.046040, 0.890000, 0.790000,     0.7000
0.046060, 0.870000, 0.780000,     0.6800
0.046080, 0.860000, 0.760000,     0.6600
0.046100, 0.850000, 0.750000,     0.6400
0.046130, 0.840000, 0.740000,     0.6200
0.046150, 0.830000, 0.730000,     0.6000
0.046170, 0.820000, 0.710000,     0.5800
0.046190, 0.800000, 0.700000,     0.5600
0.046210, 0.790000, 0.690000,     0.5400
0.046240, 0.780000, 0.670000,     0.5200
0.046260, 0.760000, 0.660000,     0.5000
0.046280, 0.750000, 0.650000,     0.4800
0.046300, 0.730000, 0.630000,     0.4600
0.046330, 0.720000, 0.620000,     0.4400
0.046350, 0.700000, 0.600000,     0.4200
0.046370, 0.680000, 0.590000,     0.4000
0.046390, 0.670000, 0.570000,     0.3800
0.046410, 0.650000, 0.560000,     0.3600
0.046440, 0.630000, 0.540000,     0.3400
0.046460, 0.620000, 0.530000,     0.3200
0.046480, 0.600000, 0.510000,     0.3100
0.046500, 0.580000, 0.490000,     0.2900
0.046530, 0.560000, 0.480000,     0.2700
0.046550, 0.550000, 0.460000,     0.2500
0.046570, 0.530000, 0.440000,     0.2300
0.046590, 0.510000, 0.430000,     0.2200
0.046610, 0.490000, 0.410000,     0.2000
0.046640, 0.470000, 0.390000,     0.1800
0.046660, 0.450000, 0.380000,     0.1700
0.046680, 0.430000, 0.360000,     0.1500
0.046700, 0.410000, 0.340000,     0.1400
0.046720, 0.390000, 0.330000,     0.1300
0.046750, 0.370000, 0.310000,     0.1100
0.046770, 0.350000, 0.290000,     0.1000
0.046790, 0.330000, 0.270000,     0.0900
0.046810, 0.300000, 0.250000,     0.0800
0.046840, 0.280000, 0.240000,     0.0700
0.046860, 0.260000, 0.220000,     0.0600
0.046880, 0.240000, 0.200000,     0.0500
0.046900, 0.220000, 0.180000,     0.0400
0.046920, 0.200000, 0.160000,     0.0300
0.046950, 0.170000, 0.150000,     0.0300
0.046970, 0.150000, 0.130000,     0.0200
0.046990, 0.130000, 0.110000,     0.0100
0.047010, 0.110000, 0.090000,     0.0100
0.047040, 0.090000, 0.070000,     0.0100
0.047060, 0.070000, 0.050000,     0.0000
0.047080, 0.040000, 0.040000,     0.0000
0.047100, 0.020000, 0.020000,     0.0000
0.047130, -0.000000, -0.000000,     0.0000
0.047150, -0.020000, -0.020000,     0.0000
0.047170, -0.050000, -0.040000,     0.0000
0.047190, -0.070000, -0.060000,     0.0000
0.047210, -0.090000, -0.080000,     0.0100
0.047240, -0.110000, -0.090000,     0.0100
0.047260, -0.130000, -0.110000,     0.0200
0.047280, -0.160000, -0.130000,     0.0200
0.047300, -0.180000, -0.150000,     0.0300
0.047330, -0.200000, -0.170000,     0.0300
0.047350, -0.220000, -0.190000,     0.0400
0.047370, -0.240000, -0.200000,     0.0500
0.047390, -0.260000, -0.220000,     0.0600
0.047410, -0.290000, -0.240000,     0.0700
0.047440, -0.310000, -0.260000,     0.0800
0.047460, -0.330000, -0.280000,     0.0900
0.047480, -0.350000, -0.290000,     0.1000
0.047500, -0.370000, -0.310000,     0.1200
0.047520, -0.390000, -0.330000,     0.1300
0.047550, -0.410000, -0.350000,     0.1400
0.047570, -0.430000, -0.360000,     0.1600
0.047590, -0.450000, -0.380000,     0.1700
0.047610, -0.470000, -0.400000,     0.1900
0.047640, -0.490000, -0.410000,     0.2000
0.047660, -0.510000, -0.430000,     0.2200
0.047680, -0.530000, -0.450000,     0.2400
0.047700, -0.550000, -0.460000,     0.2600
0.047720, -0.570000, -0.480000,     0.2700
0.047750, -0.580000, -0.500000,     0.2900
0.047770, -0.600000, -0.510000,     0.3100
0.047790, -0.620000, -0.530000,     0.3300
0.047810, -0.640000, -0.540000,     0.3500
0.047840, -0.650000, -0.560000,     0.3700
0.047860, -0.670000, -0.570000,     0.3900
0.047880, -0.690000, -0.590000,     0.4100
0.047900, -0.700000, -0.600000,     0.4300
0.047930, -0.720000, -0.620000,     0.4500
0.047950, -0.730000, -0.630000,     0.4700
0.047970, -0.750000, -0.650000,     0.4900
0.047990, -0.760000, -0.660000,     0.5100
0.048010, -0.780000, -0.680000,     0.5300
0.048040, -0.790000, -0.690000,     0.5500
0.048060, -0.800000, -0.700000,     0.5700
0.048080, -0.820000, -0.720000,     0.5900
0.048100, -0.830000, -0.730000,     0.6100
0.048130, -0.840000, -0.740000,     0.6200
0.048150, -0.850000, -0.750000,     0.6400
0.048170, -0.860000, -0.770000,     0.6600
0.048190, -0.880000, -0.780000,     0.6800
0.048210, -0.890000, -0.790000,     0.7000
0.048240, -0.900000, -0.800000,     0.7200
0.048260, -0.910000, -0.810000,     0.7400
0.048280, -0.920000, -0.820000,     0.7500
0.048300, -0.920000, -0.830000,     0.7700
0.048330, -0.930000, -0.840000,     0.7900
0.048350, -0.940000, -0.850000,     0.8000
0.048370, -0.950000, -0.860000,     0.8200
0.048390, -0.950000, -0.870000,     0.8300
0.048410, -0.960000, -0.880000,     0.8500
0.048440, -0.970000, -0.890000,     0.8600
0.048460, -0.970000, -0.900000,     0.8700
0.048480, -0.980000, -0.910000,     0.8800
0.048500, -0.980000, -0.910000,     0.9000
0.048530, -0.990000, -0.920000,     0.9100
0.048550, -0.990000, -0.930000,     0.9200
0.048570, -0.990000, -0.930000,     0.9300
0.048590, -0.990000, -0.940000,     0.9400
0.048610, -1.000000, -0.950000,     0.9400
0.048640, -1.000000, -0.950000,     0.9500
0.048660, -1.000000, -0.960000,     0.9600
0.048680, -1.000000, -0.960000,     0.9600
0.048700, -1.000000, -0.970000,     0.9700
0.048730, -1.000000, -0.970000,     0.9700
0.048750, -1.000000, -0.980000,     0.9800
0.048770, -1.000000, -0.980000,     0.9800
0.048790, -1.000000, -0.980000,     0.9800
0.048810, -0.990000, -0.990000,     0.9800
0.048840, -0.990000, -0.990000,     0.9800
0.048860, -0.990000, -0.990000,     0.9800
0.048880, -0.980000, -0.990000,     0.9800
0.048900, -0.980000, -1.000000,     0.9700
0.048930, -0.970000, -1.000000,     0.9700
0.048950, -0.970000, -1.000000,     0.9700
0.048970, -0.960000, -1.000000,     0.9600
0.048990, -0.960000, -1.000000,     0.9600
0.049010, -0.950000, -1.000000,     0.9500
0.049040, -0.940000, -1.000000,     0.9400
0.049060, -0.930000, -1.000000,     0.9300
0.049080, -0.930000, -1.000000,     0.9200
0.049100, -0.920000, -1.000000,     0.9100
0.049130, -0.910000, -1.000000,     0.9000
0.049150, -0.900000, -0.990000,     0.8900
0.049170, -0.890000, -0.990000,     0.8800
0.049190, -0.880000, -0.990000,     0.8700
0.049220, -0.870000, -0.990000,     0.8500
0.049240, -0.860000, -0.980000,     0.8400
0.049260, -0.840000, -0.980000,     0.8300
0.049280, -0.830000, -0.970000,     0.8100
0.049300, -0.820000, -0.970000,     0.7900
0.049330, -0.810000, -0.970000,     0.7800
0.049350, -0.790000, -0.960000,     0.7600
0.049370, -0.780000, -0.950000,     0.7400
0.049390, -0.770000, -0.950000,     0.7300
0.049420, -0.750000, -0.940000,     0.7100
0.049440, -0.740000, -0.940000,     0.6900
0.049460, -0.720000, -0.930000,     0.6700
0.049480, -0.710000, -0.920000,     0.6500
0.049500, -0.690000, -0.920000,     0.6300
0.049530, -0.670000, -0.910000,     0.6100
0.049550, -0.660000, -0.900000,     0.5900
0.049570, -0.640000, -0.890000,     0.5700
0.049590, -0.620000, -0.880000,     0.5500
0.049620, -0.600000, -0.870000,     0.5300
0.049640, -0.590000, -0.870000,     0.5100
0.049660, -0.570000, -0.860000,     0.4900
0.049680, -0.550000, -0.850000,     0.4600
0.049700, -0.530000, -0.840000,     0.4400
0.049730, -0.510000, -0.830000,     0.4200
0.049750, -0.490000, -0.810000,     0.4000
0.049770, -0.470000, -0.800000,     0.3800
0.049790, -0.450000, -0.790000,     0.3600
0.049820, -0.430000, -0.780000,     0.3400
0.049840, -0.410000, -0.770000,     0.3200
0.049860, -0.390000, -0.760000,     0.3000
0.049880, -0.370000, -0.750000,     0.2800
0.049900, -0.350000, -0.730000,     0.2600
0.049930, -0.330000, -0.720000,     0.2400
0.049950, -0.310000, -0.710000,     0.2200
0.049970, -0.290000, -0.690000,     0.2000
0.049990, -0.270000, -0.680000,     0.1800
0.050020, -0.250000, -0.670000,     0.1600
0.050040, -0.230000, -0.650000,     0.1500
0.050060, -0.200000, -0.640000,     0.1300
0.050080, -0.180000, -0.630000,     0.1100
0.050110, -0.160000, -0.610000,     0.1000
0.050130, -0.140000, -0.600000,     0.0800
0.050150, -0.120000, -0.580000,     0.0700
0.050170, -0.090000, -0.570000,     0.0500
0.050190, -0.070000, -0.550000,     0.0400
0.050220, -0.050000, -0.530000,     0.0300
0.050240, -0.030000, -0.520000,     0.0100
0.050260, -0.000000, -0.500000,     0.0000
0.050280, 0.020000, -0.490000,    -0.0100
0.050310, 0.040000, -0.470000,    -0.0200
0.050330, 0.060000, -0.450000,    -0.0300
0.050350, 0.090000, -0.440000,    -0.0400
0.050370, 0.110000, -0.420000,    -0.0500
0.050390, 0.130000, -0.400000,    -0.0500
0.050420, 0.150000, -0.390000,    -0.0600
0.050440, 0.170000, -0.370000,    -0.0600
0.050460, 0.190000, -0.350000,    -0.0700
0.050480, 0.220000, -0.330000,    -0.0700
0.050510, 0.240000, -0.320000,    -0.0800
0.050530, 0.260000, -0.300000,    -0.0800
0.050550, 0.280000, -0.280000,    -0.0800
0.050570, 0.300000, -0.260000,    -0.0800
0.050590, 0.320000, -0.250000,    -0.0800
0.050620, 0.340000, -0.230000,    -0.0800
0.050640, 0.360000, -0.210000,    -0.0800
0.050660, 0.390000, -0.190000,    -0.0700
0.050680, 0.410000, -0.170000,    -0.0700
0.050710, 0.430000, -0.160000,    -0.0700
0.050730, 0.450000, -0.140000,    -0.0600
0.050750, 0.470000, -0.120000,    -0.0600
0.050770, 0.490000, -0.100000,    -0.0500
0.050790, 0.500000, -0.080000,    -0.0400
0.050820, 0.520000, -0.060000,    -0.0300
0.050840, 0.540000, -0.050000,    -0.0200
0.050860, 0.560000, -0.030000,    -0.0100
0.050880, 0.580000, -0.010000,    -0.0000
0.050910, 0.600000, 0.010000,     0.0100
0.050930, 0.620000, 0.030000,     0.0200
0.050950, 0.630000, 0.050000,     0.0300
0.050970, 0.650000, 0.070000,     0.0400
0.050990, 0.670000, 0.080000,     0.0600
0.051020, 0.680000, 0.100000,     0.0700
0.051040, 0.700000, 0.120000,     0.0800
0.051060, 0.710000, 0.140000,     0.1000
0.051080, 0.730000, 0.160000,     0.1200
0.051110, 0.740000, 0.180000,     0.1300
0.051130, 0.760000, 0.190000,     0.1500
0.051150, 0.770000, 0.210000,     0.1600
0.051170, 0.790000, 0.230000,     0.1800
0.051190, 0.800000, 0.250000,     0.2000
0.051220, 0.810000, 0.270000,     0.2200
0.051240, 0.830000, 0.280000,     0.2300
0.051260, 0.840000, 0.300000,     0.2500
0.051280, 0.850000, 0.320000,     0.2700
0.051310, 0.860000, 0.340000,     0.2900
0.051330, 0.870000, 0.350000,     0.3100
0.051350, 0.880000, 0.370000,     0.3300
0.051370, 0.890000, 0.390000,     0.3500
0.051390, 0.900000, 0.400000,     0.3700
0.051420, 0.910000, 0.420000,     0.3900
0.051440, 0.920000, 0.440000,     0.4000
0.051460, 0.930000, 0.460000,     0.4200
0.051480, 0.940000, 0.470000,     0.4400
0.051510, 0.950000, 0.490000,     0.4600
0.051530, 0.950000, 0.500000,     0.4800
0.051550, 0.960000, 0.520000,     0.5000
0.051570, 0.970000, 0.540000,     0.5200
0.051590, 0.970000, 0.550000,     0.5400
0.051620, 0.980000, 0.570000,     0.5500
0.051640, 0.980000, 0.580000,     0.5700
0.051660, 0.980000, 0.600000,     0.5900
0.051680, 0.990000, 0.610000,     0.6000
0.051700, 0.990000, 0.630000,     0.6200
0.051730, 0.990000, 0.640000,     0.6400
0.051750, 1.000000, 0.650000,     0.6500
0.051770, 1.000000, 0.670000,     0.6700
0.051790, 1.000000, 0.680000,     0.6800
0.051810, 1.000000, 0.700000,     0.7000
0.051840, 1.000000, 0.710000,     0.7100
0.051860, 1.000000, 0.720000,     0.7200
0.051880, 1.000000, 0.730000,     0.7300
0.051900, 1.000000, 0.750000,     0.7400
0.051930, 1.000000, 0.760000,     0.7600
0.051950, 0.990000, 0.770000,     0.7700
0.051970, 0.990000, 0.780000,     0.7800
0.051990, 0.990000, 0.790000,     0.7800
0.052020, 0.980000, 0.800000,     0.7900
0.052040, 0.980000, 0.820000,     0.8000
0.052060, 0.980000, 0.830000,     0.8100
0.052080, 0.970000, 0.840000,     0.8100
0.052100, 0.960000, 0.850000,     0.8200
0.052130, 0.960000, 0.860000,     0.8200
0.052150, 0.950000, 0.870000,     0.8200
0.052170, 0.940000, 0.870000,     0.8300
0.052190, 0.940000, 0.880000,     0.8300
0.052210, 0.930000, 0.890000,     0.8300
0.052240, 0.920000, 0.900000,     0.8300
0.052260, 0.910000, 0.910000,     0.8300
0.052280, 0.900000, 0.920000,     0.8300
0.052300, 0.890000, 0.920000,     0.8200
0.052330, 0.880000, 0.930000,     0.8200
0.052350, 0.870000, 0.940000,     0.8200
0.052370, 0.860000, 0.940000,     0.8100
0.052390, 0.850000, 0.950000,     0.8000
0.052420, 0.840000, 0.950000,     0.8000
0.052440, 0.820000, 0.960000,     0.7900
0.052460, 0.810000, 0.960000,     0.7800
0.052480, 0.800000, 0.970000,     0.7700
0.052500, 0.790000, 0.970000,     0.7600
0.052530, 0.770000, 0.980000,     0.7500
0.052550, 0.760000, 0.980000,     0.7400
0.052570, 0.740000, 0.990000,     0.7300
0.052590, 0.730000, 0.990000,     0.7200
0.052620, 0.710000, 0.990000,     0.7000
0.052640, 0.700000, 0.990000,     0.6900
0.052660, 0.680000, 1.000000,     0.6800
0.052680, 0.660000, 1.000000,     0.6600
0.052700, 0.650000, 1.000000,     0.6400
0.052720, 0.630000, 1.000000,     0.6300
0.052750, 0.610000, 1.000000,     0.6100
0.052770, 0.590000, 1.000000,     0.5900
0.052790, 0.580000, 1.000000,     0.5800
0.052810, 0.560000, 1.000000,     0.5600
0.052840, 0.540000, 1.000000,     0.5400
0.052860, 0.520000, 1.000000,     0.5200
0.052880, 0.500000, 1.000000,     0.5000
0.052900, 0.480000, 0.990000,     0.4800
0.052930, 0.460000, 0.990000,     0.4600
0.052950, 0.440000, 0.990000,     0.4400
0.052970, 0.420000, 0.990000,     0.4200
0.052990, 0.400000, 0.980000,     0.3900
0.053010, 0.380000, 0.980000,     0.3700
0.053040, 0.360000, 0.980000,     0.3500
0.053060, 0.340000, 0.970000,     0.3300
0.053080, 0.320000, 0.970000,     0.3100
0.053100, 0.300000, 0.960000,     0.2900
0.053130, 0.280000, 0.960000,     0.2600
0.053150, 0.260000, 0.950000,     0.2400
0.053170, 0.230000, 0.950000,     0.2200
0.053190, 0.210000, 0.940000,     0.2000
0.053210, 0.190000, 0.930000,     0.1800
0.053240, 0.170000, 0.930000,     0.1600
0.053260, 0.150000, 0.920000,     0.1300
0.053280, 0.130000, 0.910000,     0.1100
0.053300, 0.100000, 0.910000,     0.0900
0.053330, 0.080000, 0.900000,     0.0700
0.053350, 0.060000, 0.890000,     0.0500
0.053370, 0.040000, 0.880000,     0.0300
0.053390, 0.020000, 0.870000,     0.0100
0.053410, -0.010000, 0.860000,    -0.0100
0.053440, -0.030000, 0.850000,    -0.0300
0.053460, -0.050000, 0.840000,    -0.0400
0.053480, -0.070000, 0.830000,    -0.0600
0.053500, -0.100000, 0.820000,    -0.0800
0.053530, -0.120000, 0.810000,    -0.1000
0.053550, -0.140000, 0.800000,    -0.1100
0.053570, -0.160000, 0.790000,    -0.1300
0.053590, -0.180000, 0.780000,    -0.1400
0.053610, -0.210000, 0.770000,    -0.1600
0.053640, -0.230000, 0.750000,    -0.1700
0.053660, -0.250000, 0.740000,    -0.1900
0.053680, -0.270000, 0.730000,    -0.2000
0.053700, -0.290000, 0.720000,    -0.2100
0.053730, -0.310000, 0.700000,    -0.2200
0.053750, -0.330000, 0.690000,    -0.2300
0.053770, -0.360000, 0.680000,    -0.2400
0.053790, -0.380000, 0.660000,    -0.2500
0.053810, -0.400000, 0.650000,    -0.2600
0.053840, -0.420000, 0.640000,    -0.2700
0.053860, -0.440000, 0.620000,    -0.2700
0.053880, -0.460000, 0.610000,    -0.2800
0.053900, -0.480000, 0.590000,    -0.2800
0.053930, -0.500000, 0.580000,    -0.2900
0.053950, -0.510000, 0.560000,    -0.2900
0.053970, -0.530000, 0.550000,    -0.2900
0.053990, -0.550000, 0.530000,    -0.2900
0.054010, -0.570000, 0.510000,    -0.2900
0.054040, -0.590000, 0.500000,    -0.2900
0.054060, -0.610000, 0.480000,    -0.2900
0.054080, -0.620000, 0.470000,    -0.2900
0.054100, -0.640000, 0.450000,    -0.2900
0.054130, -0.660000, 0.430000,    -0.2900
0.054150, -0.680000, 0.420000,    -0.2800
0.054170, -0.690000, 0.400000,    -0.2800
0.054190, -0.710000, 0.380000,    -0.2700
0.054210, -0.720000, 0.370000,    -0.2600
0.054240, -0.740000, 0.350000,    -0.2600
0.054260, -0.750000, 0.330000,    -0.2500
0.054280, -0.770000, 0.310000,    -0.2400
0.054300, -0.780000, 0.300000,    -0.2300
0.054330, -0.790000, 0.280000,    -0.2200
0.054350, -0.810000, 0.260000,    -0.2100
0.054370, -0.820000, 0.240000,    -0.2000
0.054390, -0.830000, 0.220000,    -0.1900
0.054420, -0.850000, 0.200000,    -0.1700
0.054440, -0.860000, 0.190000,    -0.1600
0.054460, -0.870000, 0.170000,    -0.1500
0.054480, -0.880000, 0.150000,    -0.1300
0.054500, -0.890000, 0.130000,    -0.1200
0.054530, -0.900000, 0.110000,    -0.1000
0.054550, -0.910000, 0.100000,    -0.0900
0.054570, -0.920000, 0.080000,    -0.0700
0.054590, -0.930000, 0.060000,    -0.0500
0.054620, -0.940000, 0.040000,    -0.0400
0.054640, -0.940000, 0.020000,    -0.0200
0.054660, -0.950000, 0.000000,    -0.0000
0.054680, -0.960000, -0.020000,     0.0200
0.054700, -0.960000, -0.030000,     0.0300
0.054730, -0.970000, -0.050000,     0.0500
0.054750, -0.970000, -0.070000,     0.0700
0.054770, -0.980000, -0.090000,     0.0900
0.054790, -0.980000, -0.110000,     0.1100
0.054810, -0.990000, -0.130000,     0.1200
0.054840, -0.990000, -0.140000,     0.1400
0.054860, -0.990000, -0.160000,     0.1600
0.054880, -1.000000, -0.180000,     0.1800
0.054900, -1.000000, -0.200000,     0.2000
0.054930, -1.000000, -0.220000,     0.2200
0.054950, -1.000000, -0.240000,     0.2400
0.054970, -1.000000, -0.250000,     0.2500
0.054990, -1.000000, -0.270000,     0.2700
0.055020, -1.000000, -0.290000,     0.2900
0.055040, -1.000000, -0.310000,     0.3100
0.055060, -1.000000, -0.320000,     0.3200
0.055080, -0.990000, -0.340000,     0.3400
0.055100, -0.990000, -0.360000,     0.3600
0.055130, -0.990000, -0.380000,     0.3700
0.055150, -0.990000, -0.390000,     0.3900
0.055170, -0.980000, -0.410000,     0.4000
0.055190, -0.980000, -0.430000,     0.4200
0.055220, -0.970000, -0.440000,     0.4300
0.055240, -0.970000, -0.460000,     0.4500
0.055260, -0.960000, -0.480000,     0.4600
0.055280, -0.950000, -0.490000,     0.4700
0.055300, -0.950000, -0.510000,     0.4800
0.055330, -0.940000, -0.530000,     0.4900
0.055350, -0.930000, -0.540000,     0.5000
0.055370, -0.920000, -0.560000,     0.5100
0.055390, -0.910000, -0.570000,     0.5200
0.055420, -0.910000, -0.590000,     0.5300
0.055440, -0.900000, -0.600000,     0.5400
0.055460, -0.890000, -0.620000,     0.5500
0.055480, -0.880000, -0.630000,     0.5500
0.055500, -0.860000, -0.650000,     0.5600
0.055530, -0.850000, -0.660000,     0.5600
0.055550, -0.840000, -0.670000,     0.5700
0.055570, -0.830000, -0.690000,     0.5700
0.055590, -0.820000, -0.700000,     0.5700
0.055620, -0.800000, -0.710000,     0.5700
0.055640, -0.790000, -0.730000,     0.5700
0.055660, -0.780000, -0.740000,     0.5700
0.055680, -0.760000, -0.750000,     0.5700
0.055710, -0.750000, -0.760000,     0.5700
0.055730, -0.730000, -0.780000,     0.5700
0.055750, -0.720000, -0.790000,     0.5600
0.055770, -0.700000, -0.800000,     0.5600
0.055790, -0.690000, -0.810000,     0.5500
0.055820, -0.670000, -0.820000,     0.5500
0.055840, -0.650000, -0.830000,     0.5400
0.055860, -0.630000, -0.840000,     0.5300
0.055880, -0.620000, -0.850000,     0.5200
0.055900, -0.600000, -0.860000,     0.5100
0.055930, -0.580000, -0.870000,     0.5000
0.055950, -0.560000, -0.880000,     0.4900
0.055970, -0.550000, -0.890000,     0.4800
0.055990, -0.530000, -0.900000,     0.4700
0.056020, -0.510000, -0.900000,     0.4600
0.056040, -0.490000, -0.910000,     0.4400
0.056060, -0.470000, -0.920000,     0.4300
0.056080, -0.450000, -0.930000,     0.4100
0.056110, -0.430000, -0.930000,     0.4000
0.056130, -0.410000, -0.940000,     0.3800
0.056150, -0.390000, -0.950000,     0.3700
0.056170, -0.370000, -0.950000,     0.3500
0.056190, -0.350000, -0.960000,     0.3300
0.056220, -0.330000, -0.960000,     0.3100
0.056240, -0.300000, -0.970000,     0.2900
0.056260, -0.280000, -0.970000,     0.2700
0.056280, -0.260000, -0.980000,     0.2500
0.056310, -0.240000, -0.980000,     0.2300
0.056330, -0.220000, -0.980000,     0.2100
0.056350, -0.200000, -0.990000,     0.1900
0.056370, -0.170000, -0.990000,     0.1700
0.056390, -0.150000, -0.990000,     0.1500
0.056420, -0.130000, -0.990000,     0.1300
0.056440, -0.110000, -1.000000,     0.1100
0.056460, -0.090000, -1.000000,     0.0900
0.056480, -0.070000, -1.000000,     0.0600
0.056510, -0.040000, -1.000000,     0.0400
0.056530, -0.020000, -1.000000,     0.0200
0.056550, 0.000000, -1.000000,    -0.0000
0.056570, 0.020000, -1.000000,    -0.0200
0.056590, 0.050000, -1.000000,    -0.0500
0.056620, 0.070000, -1.000000,    -0.0700
0.056640, 0.090000, -1.000000,    -0.0900
0.056660, 0.110000, -1.000000,    -0.1100
0.056680, 0.130000, -0.990000,    -0.1400
0.056710, 0.160000, -0.990000,    -0.1600
0.056730, 0.180000, -0.990000,    -0.1800
0.056750, 0.200000, -0.990000,    -0.2000
0.056770, 0.220000, -0.980000,    -0.2200
0.056790, 0.240000, -0.980000,    -0.2400
0.056820, 0.270000, -0.980000,    -0.2600
0.056840, 0.290000, -0.970000,    -0.2800
0.056860, 0.310000, -0.970000,    -0.3000
0.056880, 0.330000, -0.960000,    -0.3200
0.056900, 0.350000, -0.960000,    -0.3400
0.056930, 0.370000, -0.950000,    -0.3500
0.056950, 0.390000, -0.940000,    -0.3700
0.056970, 0.410000, -0.940000,    -0.3900
0.056990, 0.430000, -0.930000,    -0.4000
0.057020, 0.450000, -0.920000,    -0.4200
0.057040, 0.470000, -0.920000,    -0.4300
0.057060, 0.490000, -0.910000,    -0.4500
0.057080, 0.510000, -0.900000,    -0.4600
0.057110, 0.530000, -0.890000,    -0.4700
0.057130, 0.550000, -0.890000,    -0.4900
0.057150, 0.570000, -0.880000,    -0.5000
0.057170, 0.580000, -0.870000,    -0.5100
0.057200, 0.600000, -0.860000,    -0.5200
0.057220, 0.620000, -0.850000,    -0.5300
0.057240, 0.640000, -0.840000,    -0.5400
0.057260, 0.650000, -0.830000,    -0.5400
0.057280, 0.670000, -0.820000,    -0.5500
0.057310, 0.690000, -0.810000,    -0.5600
0.057330, 0.700000, -0.800000,    -0.5600
0.057350, 0.720000, -0.780000,    -0.5600
0.057370, 0.730000, -0.770000,    -0.5700
0.057400, 0.750000, -0.760000,    -0.5700
0.057420, 0.760000, -0.750000,    -0.5700
0.057440, 0.780000, -0.740000,    -0.5700
0.057460, 0.790000, -0.720000,    -0.5700
0.057480, 0.800000, -0.710000,    -0.5700
0.057510, 0.820000, -0.700000,    -0.5700
0.057530, 0.830000, -0.680000,    -0.5700
0.057550, 0.840000, -0.670000,    -0.5700
0.057570, 0.850000, -0.660000,    -0.5600
0.057600, 0.870000, -0.640000,    -0.5600
0.057620, 0.880000, -0.630000,    -0.5500
0.057640, 0.890000, -0.610000,    -0.5500
0.057660, 0.900000, -0.600000,    -0.5400
0.057680, 0.910000, -0.580000,    -0.5300
0.057710, 0.920000, -0.570000,    -0.5200
0.057730, 0.920000, -0.550000,    -0.5100
0.057750, 0.930000, -0.540000,    -0.5000
0.057770, 0.940000, -0.520000,    -0.4900
0.057790, 0.950000, -0.510000,    -0.4800
0.057820, 0.950000, -0.490000,    -0.4700
0.057840, 0.960000, -0.470000,    -0.4600
0.057860, 0.970000, -0.460000,    -0.4400
0.057880, 0.970000, -0.440000,    -0.4300
0.057910, 0.980000, -0.420000,    -0.4100
0.057930, 0.980000, -0.410000,    -0.4000
0.057950, 0.990000, -0.390000,    -0.3900
0.057970, 0.990000, -0.370000,    -0.3700
0.058000, 0.990000, -0.360000,    -0.3500
0.058020, 0.990000, -0.340000,    -0.3400
0.058040, 1.000000, -0.320000,    -0.3200
0.058060, 1.000000, -0.300000,    -0.3000
0.058080, 1.000000, -0.290000,    -0.2900
0.058110, 1.000000, -0.270000,    -0.2700
0.058130, 1.000000, -0.250000,    -0.2500
0.058150, 1.000000, -0.230000,    -0.2300
0.058170, 1.000000, -0.210000,    -0.2100
0.058200, 1.000000, -0.200000,    -0.2000
0.058220, 1.000000, -0.180000,    -0.1800
0.058240, 0.990000, -0.160000,    -0.1600
0.058260, 0.990000, -0.140000,    -0.1400
0.058290, 0.990000, -0.120000,    -0.1200
0.058310, 0.980000, -0.110000,    -0.1000
0.058330, 0.980000, -0.090000,    -0.0800
0.058350, 0.970000, -0.070000,    -0.0700
0.058370, 0.970000, -0.050000,    -0.0500
0.058400, 0.960000, -0.030000,    -0.0300
0.058420, 0.960000, -0.010000,    -0.0100
0.058440, 0.950000, 0.010000,     0.0100
0.058460, 0.940000, 0.020000,     0.0200
0.058480, 0.930000, 0.040000,     0.0400
0.058510, 0.930000, 0.060000,     0.0600
0.058530, 0.920000, 0.080000,     0.0700
0.058550, 0.910000, 0.100000,     0.0900
0.058570, 0.900000, 0.120000,     0.1000
0.058600, 0.890000, 0.130000,     0.1200
0.058620, 0.880000, 0.150000,     0.1400
0.058640, 0.870000, 0.170000,     0.1500
0.058660, 0.860000, 0.190000,     0.1600
0.058680, 0.840000, 0.210000,     0.1800
0.058710, 0.830000, 0.230000,     0.1900
0.058730, 0.820000, 0.240000,     0.2000
0.058750, 0.810000, 0.260000,     0.2100
0.058770, 0.790000, 0.280000,     0.2200
0.058800, 0.780000, 0.300000,     0.2300
0.058820, 0.770000, 0.310000,     0.2400
0.058840, 0.750000, 0.330000,     0.2500
0.058860, 0.740000, 0.350000,     0.2600
0.058880, 0.720000, 0.370000,     0.2700
0.058910, 0.710000, 0.380000,     0.2700
0.058930, 0.690000, 0.400000,     0.2800
0.058950, 0.670000, 0.420000,     0.2800
0.058970, 0.660000, 0.440000,     0.2900
0.059000, 0.640000, 0.450000,     0.2900
0.059020, 0.620000, 0.470000,     0.2900
0.059040, 0.610000, 0.480000,     0.2900
0.059060, 0.590000, 0.500000,     0.2900
0.059080, 0.570000, 0.520000,     0.2900
0.059110, 0.550000, 0.530000,     0.2900
0.059130, 0.530000, 0.550000,     0.2900
0.059150, 0.510000, 0.560000,     0.2900
0.059170, 0.490000, 0.580000,     0.2900
0.059200, 0.480000, 0.590000,     0.2800
0.059220, 0.460000, 0.610000,     0.2800
0.059240, 0.440000, 0.620000,     0.2700
0.059260, 0.420000, 0.640000,     0.2600
0.059280, 0.400000, 0.650000,     0.2600
0.059310, 0.370000, 0.670000,     0.2500
0.059330, 0.350000, 0.680000,     0.2400
0.059350, 0.330000, 0.690000,     0.2300
0.059370, 0.310000, 0.710000,     0.2200
0.059400, 0.290000, 0.720000,     0.2100
0.059420, 0.270000, 0.730000,     0.2000
0.059440, 0.250000, 0.740000,     0.1800
0.059460, 0.230000, 0.760000,     0.1700
0.059480, 0.200000, 0.770000,     0.1600
0.059510, 0.180000, 0.780000,     0.1400
0.059530, 0.160000, 0.790000,     0.1300
0.059550, 0.140000, 0.800000,     0.1100
0.059570, 0.120000, 0.810000,     0.0900
0.059590, 0.100000, 0.820000,     0.0800
0.059620, 0.070000, 0.830000,     0.0600
0.059640, 0.050000, 0.840000,     0.0400
0.059660, 0.030000, 0.850000,     0.0200
